# species	aspect:kind,...
bulbasaur	mythical_radiant:shader,mythical_magma:shader,mythical_glitch:shader,mythical_galaxy:shader,mythical_matrix:shader,mythical_firework:shader,mythical_holographic:shader
ivysaur	mythical_radiant:shader,mythical_magma:shader,mythical_glitch:shader,mythical_galaxy:shader,mythical_matrix:shader,mythical_firework:shader,mythical_holographic:shader
venusaur	mythical_gilded:texture,mythical_shadow:texture,mythical_radiant:shader,mythical_magma:shader,mythical_glitch:shader,mythical_galaxy:shader,mythical_matrix:shader,mythical_firework:shader,mythical_holographic:shader
charmander	mythical_radiant:shader,mythical_magma:shader,mythical_glitch:shader,mythical_galaxy:shader,mythical_matrix:shader,mythical_firework:shader,mythical_holographic:shader
charmeleon	mythical_radiant:shader,mythical_magma:shader,mythical_glitch:shader,mythical_galaxy:shader,mythical_matrix:shader,mythical_firework:shader,mythical_holographic:shader
charizard	mythical_radiant:shader,mythical_magma:shader,mythical_glitch:shader,mythical_galaxy:shader,mythical_matrix:shader,mythical_firework:shader,mythical_holographic:shader
squirtle	mythical_blazing:texture,mythical_frosted:texture,mythical_gilded:texture,mythical_shadow:texture,mythical_radiant:shader,mythical_magma:shader,mythical_glitch:shader,mythical_galaxy:shader,mythical_matrix:shader,mythical_firework:shader,mythical_holographic:shader
wartortle	mythical_blazing:texture,mythical_frosted:texture,mythical_gilded:texture,mythical_marine:texture,mythical_pixie:texture,mythical_rainbow:texture,mythical_shadow:texture,mythical_twilight:texture,mythical_radiant:shader,mythical_magma:shader,mythical_glitch:shader,mythical_galaxy:shader,mythical_matrix:shader,mythical_firework:shader,mythical_holographic:shader
blastoise	mythical_blazing:texture,mythical_frosted:texture,mythical_gilded:texture,mythical_marine:texture,mythical_pixie:texture,mythical_rainbow:texture,mythical_shadow:texture,mythical_twilight:texture,mythical_radiant:shader,mythical_magma:shader,mythical_glitch:shader,mythical_galaxy:shader,mythical_matrix:shader,mythical_firework:shader,mythical_holographic:shader
caterpie	mythical_blazing:texture,mythical_gilded:texture,mythical_shadow:texture,mythical_radiant:shader,mythical_magma:shader,mythical_glitch:shader,mythical_galaxy:shader,mythical_matrix:shader,mythical_firework:shader,mythical_holographic:shader
metapod	mythical_blazing:texture,mythical_easter:texture,mythical_gilded:texture,mythical_pixie:texture,mythical_rainbow:texture,mythical_shadow:texture,mythical_radiant:shader,mythical_magma:shader,mythical_glitch:shader,mythical_galaxy:shader,mythical_matrix:shader,mythical_firework:shader,mythical_holographic:shader
butterfree	mythical_blazing:texture,mythical_easter:texture,mythical_gilded:texture,mythical_pixie:texture,mythical_rainbow:texture,mythical_shadow:texture,mythical_radiant:shader,mythical_magma:shader,mythical_glitch:shader,mythical_galaxy:shader,mythical_matrix:shader,mythical_firework:shader,mythical_holographic:shader
weedle	mythical_blazing:texture,mythical_gilded:texture,mythical_ominous:texture,mythical_pixie:texture,mythical_rainbow:texture,mythical_shadow:texture,mythical_radiant:shader,mythical_magma:shader,mythical_glitch:shader,mythical_galaxy:shader,mythical_matrix:shader,mythical_firework:shader,mythical_holographic:shader
kakuna	mythical_blazing:texture,mythical_gilded:texture,mythical_shadow:texture,mythical_radiant:shader,mythical_magma:shader,mythical_glitch:shader,mythical_galaxy:shader,mythical_matrix:shader,mythical_firework:shader,mythical_holographic:shader
beedrill	mythical_blazing:texture,mythical_gilded:texture,mythical_rainbow:texture,mythical_shadow:texture,mythical_radiant:shader,mythical_magma:shader,mythical_glitch:shader,mythical_galaxy:shader,mythical_matrix:shader,mythical_firework:shader,mythical_holographic:shader
pidgey	mythical_gilded:texture,mythical_shadow:texture,mythical_radiant:shader,mythical_magma:shader,mythical_glitch:shader,mythical_galaxy:shader,mythical_matrix:shader,mythical_firework:shader,mythical_holographic:shader
pidgeotto	mythical_gilded:texture,mythical_shadow:texture,mythical_radiant:shader,mythical_magma:shader,mythical_glitch:shader,mythical_galaxy:shader,mythical_matrix:shader,mythical_firework:shader,mythical_holographic:shader
pidgeot	mythical_radiant:shader,mythical_magma:shader,mythical_glitch:shader,mythical_galaxy:shader,mythical_matrix:shader,mythical_firework:shader,mythical_holographic:shader
rattata	mythical_radiant:shader,mythical_magma:shader,mythical_glitch:shader,mythical_galaxy:shader,mythical_matrix:shader,mythical_firework:shader,mythical_holographic:shader
raticate	mythical_gilded:texture,mythical_shadow:texture,mythical_radiant:shader,mythical_magma:shader,mythical_glitch:shader,mythical_galaxy:shader,mythical_matrix:shader,mythical_firework:shader,mythical_holographic:shader
spearow	mythical_gilded:texture,mythical_radiant:shader,mythical_magma:shader,mythical_glitch:shader,mythical_galaxy:shader,mythical_matrix:shader,mythical_firework:shader,mythical_holographic:shader
fearow	mythical_gilded:texture,mythical_radiant:shader,mythical_magma:shader,mythical_glitch:shader,mythical_galaxy:shader,mythical_matrix:shader,mythical_firework:shader,mythical_holographic:shader
ekans	mythical_gilded:texture,mythical_ominous:texture,mythical_radioactive:texture,mythical_radiant:shader,mythical_magma:shader,mythical_glitch:shader,mythical_galaxy:shader,mythical_matrix:shader,mythical_firework:shader,mythical_holographic:shader
arbok	mythical_gilded:texture,mythical_ominous:texture,mythical_radioactive:texture,mythical_radiant:shader,mythical_magma:shader,mythical_glitch:shader,mythical_galaxy:shader,mythical_matrix:shader,mythical_firework:shader,mythical_holographic:shader
pikachu	mythical_gilded:texture,mythical_radioactive:texture,mythical_radiant:shader,mythical_magma:shader,mythical_glitch:shader,mythical_galaxy:shader,mythical_matrix:shader,mythical_firework:shader,mythical_holographic:shader
raichu	mythical_gilded:texture,mythical_radioactive:texture,mythical_radiant:shader,mythical_magma:shader,mythical_glitch:shader,mythical_galaxy:shader,mythical_matrix:shader,mythical_firework:shader,mythical_holographic:shader
sandshrew	mythical_gilded:texture,mythical_radioactive:texture,mythical_radiant:shader,mythical_magma:shader,mythical_glitch:shader,mythical_galaxy:shader,mythical_matrix:shader,mythical_firework:shader,mythical_holographic:shader
sandslash	mythical_gilded:texture,mythical_radioactive:texture,mythical_radiant:shader,mythical_magma:shader,mythical_glitch:shader,mythical_galaxy:shader,mythical_matrix:shader,mythical_firework:shader,mythical_holographic:shader
nidoranf	mythical_ominous:texture,mythical_radiant:shader,mythical_magma:shader,mythical_glitch:shader,mythical_galaxy:shader,mythical_matrix:shader,mythical_firework:shader,mythical_holographic:shader
nidorina	mythical_radiant:shader,mythical_magma:shader,mythical_glitch:shader,mythical_galaxy:shader,mythical_matrix:shader,mythical_firework:shader,mythical_holographic:shader
nidoqueen	mythical_gilded:texture,mythical_ominous:texture,mythical_smp_v2:texture,mythical_radiant:shader,mythical_magma:shader,mythical_glitch:shader,mythical_galaxy:shader,mythical_matrix:shader,mythical_firework:shader,mythical_holographic:shader
nidoranm	mythical_ominous:texture,mythical_radiant:shader,mythical_magma:shader,mythical_glitch:shader,mythical_galaxy:shader,mythical_matrix:shader,mythical_firework:shader,mythical_holographic:shader
nidorino	mythical_gilded:texture,mythical_ominous:texture,mythical_radiant:shader,mythical_magma:shader,mythical_glitch:shader,mythical_galaxy:shader,mythical_matrix:shader,mythical_firework:shader,mythical_holographic:shader
nidoking	mythical_gilded:texture,mythical_radiant:shader,mythical_magma:shader,mythical_glitch:shader,mythical_galaxy:shader,mythical_matrix:shader,mythical_firework:shader,mythical_holographic:shader
clefairy	mythical_gilded:texture,mythical_radioactive:texture,mythical_radiant:shader,mythical_magma:shader,mythical_glitch:shader,mythical_galaxy:shader,mythical_matrix:shader,mythical_firework:shader,mythical_holographic:shader
clefable	mythical_gilded:texture,mythical_radioactive:texture,mythical_radiant:shader,mythical_magma:shader,mythical_glitch:shader,mythical_galaxy:shader,mythical_matrix:shader,mythical_firework:shader,mythical_holographic:shader
vulpix	mythical_easter:texture,mythical_gilded:texture,mythical_rainbow:texture,mythical_radiant:shader,mythical_magma:shader,mythical_glitch:shader,mythical_galaxy:shader,mythical_matrix:shader,mythical_firework:shader,mythical_holographic:shader
ninetales	mythical_easter:texture,mythical_gilded:texture,mythical_rainbow:texture,mythical_radiant:shader,mythical_magma:shader,mythical_glitch:shader,mythical_galaxy:shader,mythical_matrix:shader,mythical_firework:shader,mythical_holographic:shader
jigglypuff	mythical_radiant:shader,mythical_magma:shader,mythical_glitch:shader,mythical_galaxy:shader,mythical_matrix:shader,mythical_firework:shader,mythical_holographic:shader
wigglytuff	mythical_radiant:shader,mythical_magma:shader,mythical_glitch:shader,mythical_galaxy:shader,mythical_matrix:shader,mythical_firework:shader,mythical_holographic:shader
zubat	mythical_gilded:texture,mythical_ominous:texture,mythical_shadow:texture,mythical_radiant:shader,mythical_magma:shader,mythical_glitch:shader,mythical_galaxy:shader,mythical_matrix:shader,mythical_firework:shader,mythical_holographic:shader
golbat	mythical_gilded:texture,mythical_ominous:texture,mythical_shadow:texture,mythical_radiant:shader,mythical_magma:shader,mythical_glitch:shader,mythical_galaxy:shader,mythical_matrix:shader,mythical_firework:shader,mythical_holographic:shader
oddish	mythical_gilded:texture,mythical_radioactive:texture,mythical_radiant:shader,mythical_magma:shader,mythical_glitch:shader,mythical_galaxy:shader,mythical_matrix:shader,mythical_firework:shader,mythical_holographic:shader
gloom	mythical_gilded:texture,mythical_radioactive:texture,mythical_radiant:shader,mythical_magma:shader,mythical_glitch:shader,mythical_galaxy:shader,mythical_matrix:shader,mythical_firework:shader,mythical_holographic:shader
vileplume	mythical_gilded:texture,mythical_radioactive:texture,mythical_radiant:shader,mythical_magma:shader,mythical_glitch:shader,mythical_galaxy:shader,mythical_matrix:shader,mythical_firework:shader,mythical_holographic:shader
paras	mythical_gilded:texture,mythical_radioactive:texture,mythical_radiant:shader,mythical_magma:shader,mythical_glitch:shader,mythical_galaxy:shader,mythical_matrix:shader,mythical_firework:shader,mythical_holographic:shader
parasect	mythical_gilded:texture,mythical_radioactive:texture,mythical_radiant:shader,mythical_magma:shader,mythical_glitch:shader,mythical_galaxy:shader,mythical_matrix:shader,mythical_firework:shader,mythical_holographic:shader
venonat	mythical_gilded:texture,mythical_radiant:shader,mythical_magma:shader,mythical_glitch:shader,mythical_galaxy:shader,mythical_matrix:shader,mythical_firework:shader,mythical_holographic:shader
venomoth	mythical_gilded:texture,mythical_radioactive:texture,mythical_radiant:shader,mythical_magma:shader,mythical_glitch:shader,mythical_galaxy:shader,mythical_matrix:shader,mythical_firework:shader,mythical_holographic:shader
diglett	mythical_gilded:texture,mythical_radioactive:texture,mythical_radiant:shader,mythical_magma:shader,mythical_glitch:shader,mythical_galaxy:shader,mythical_matrix:shader,mythical_firework:shader,mythical_holographic:shader
dugtrio	mythical_gilded:texture,mythical_radioactive:texture,mythical_radiant:shader,mythical_magma:shader,mythical_glitch:shader,mythical_galaxy:shader,mythical_matrix:shader,mythical_firework:shader,mythical_holographic:shader
meowth	mythical_blazing:texture,mythical_gilded:texture,mythical_radiant:shader,mythical_magma:shader,mythical_glitch:shader,mythical_galaxy:shader,mythical_matrix:shader,mythical_firework:shader,mythical_holographic:shader
persian	mythical_blazing:texture,mythical_gilded:texture,mythical_smp_v2:texture,mythical_radiant:shader,mythical_magma:shader,mythical_glitch:shader,mythical_galaxy:shader,mythical_matrix:shader,mythical_firework:shader,mythical_holographic:shader
psyduck	mythical_easter:texture,mythical_gilded:texture,mythical_radiant:shader,mythical_magma:shader,mythical_glitch:shader,mythical_galaxy:shader,mythical_matrix:shader,mythical_firework:shader,mythical_holographic:shader
golduck	mythical_easter:texture,mythical_gilded:texture,mythical_radiant:shader,mythical_magma:shader,mythical_glitch:shader,mythical_galaxy:shader,mythical_matrix:shader,mythical_firework:shader,mythical_holographic:shader
mankey	mythical_blazing:texture,mythical_gilded:texture,mythical_rainbow:texture,mythical_radiant:shader,mythical_magma:shader,mythical_glitch:shader,mythical_galaxy:shader,mythical_matrix:shader,mythical_firework:shader,mythical_holographic:shader
primeape	mythical_blazing:texture,mythical_gilded:texture,mythical_rainbow:texture,mythical_radiant:shader,mythical_magma:shader,mythical_glitch:shader,mythical_galaxy:shader,mythical_matrix:shader,mythical_firework:shader,mythical_holographic:shader
growlithe	mythical_blazing:texture,mythical_error:texture,mythical_frosted:texture,mythical_gilded:texture,mythical_jungle:texture,mythical_ominous:texture,mythical_pixie:texture,mythical_rainbow:texture,mythical_radiant:shader,mythical_magma:shader,mythical_glitch:shader,mythical_galaxy:shader,mythical_matrix:shader,mythical_firework:shader,mythical_holographic:shader
arcanine	mythical_blazing:texture,mythical_easter:texture,mythical_error:texture,mythical_frosted:texture,mythical_gilded:texture,mythical_jungle:texture,mythical_ominous:texture,mythical_pixie:texture,mythical_plasma:texture,mythical_rainbow:texture,mythical_sakura:texture,mythical_radiant:shader,mythical_magma:shader,mythical_glitch:shader,mythical_galaxy:shader,mythical_matrix:shader,mythical_firework:shader,mythical_holographic:shader
poliwag	mythical_gilded:texture,mythical_radioactive:texture,mythical_rainbow:texture,mythical_radiant:shader,mythical_magma:shader,mythical_glitch:shader,mythical_galaxy:shader,mythical_matrix:shader,mythical_firework:shader,mythical_holographic:shader
poliwhirl	mythical_radiant:shader,mythical_magma:shader,mythical_glitch:shader,mythical_galaxy:shader,mythical_matrix:shader,mythical_firework:shader,mythical_holographic:shader
poliwrath	mythical_radiant:shader,mythical_magma:shader,mythical_glitch:shader,mythical_galaxy:shader,mythical_matrix:shader,mythical_firework:shader,mythical_holographic:shader
abra	mythical_blazing:texture,mythical_gilded:texture,mythical_ominous:texture,mythical_radiant:shader,mythical_magma:shader,mythical_glitch:shader,mythical_galaxy:shader,mythical_matrix:shader,mythical_firework:shader,mythical_holographic:shader
kadabra	mythical_blazing:texture,mythical_frosted:texture,mythical_gilded:texture,mythical_ominous:texture,mythical_radiant:shader,mythical_magma:shader,mythical_glitch:shader,mythical_galaxy:shader,mythical_matrix:shader,mythical_firework:shader,mythical_holographic:shader
alakazam	mythical_blazing:texture,mythical_frosted:texture,mythical_gilded:texture,mythical_ominous:texture,mythical_radiant:shader,mythical_magma:shader,mythical_glitch:shader,mythical_galaxy:shader,mythical_matrix:shader,mythical_firework:shader,mythical_holographic:shader
machop	mythical_gilded:texture,mythical_radiant:shader,mythical_magma:shader,mythical_glitch:shader,mythical_galaxy:shader,mythical_matrix:shader,mythical_firework:shader,mythical_holographic:shader
machoke	mythical_gilded:texture,mythical_radiant:shader,mythical_magma:shader,mythical_glitch:shader,mythical_galaxy:shader,mythical_matrix:shader,mythical_firework:shader,mythical_holographic:shader
machamp	mythical_gilded:texture,mythical_radiant:shader,mythical_magma:shader,mythical_glitch:shader,mythical_galaxy:shader,mythical_matrix:shader,mythical_firework:shader,mythical_holographic:shader
bellsprout	mythical_gilded:texture,mythical_shadow:texture,mythical_radiant:shader,mythical_magma:shader,mythical_glitch:shader,mythical_galaxy:shader,mythical_matrix:shader,mythical_firework:shader,mythical_holographic:shader
weepinbell	mythical_gilded:texture,mythical_shadow:texture,mythical_radiant:shader,mythical_magma:shader,mythical_glitch:shader,mythical_galaxy:shader,mythical_matrix:shader,mythical_firework:shader,mythical_holographic:shader
victreebel	mythical_gilded:texture,mythical_shadow:texture,mythical_radiant:shader,mythical_magma:shader,mythical_glitch:shader,mythical_galaxy:shader,mythical_matrix:shader,mythical_firework:shader,mythical_holographic:shader
tentacool	mythical_gilded:texture,mythical_shadow:texture,mythical_radiant:shader,mythical_magma:shader,mythical_glitch:shader,mythical_galaxy:shader,mythical_matrix:shader,mythical_firework:shader,mythical_holographic:shader
tentacruel	mythical_gilded:texture,mythical_shadow:texture,mythical_radiant:shader,mythical_magma:shader,mythical_glitch:shader,mythical_galaxy:shader,mythical_matrix:shader,mythical_firework:shader,mythical_holographic:shader
geodude	mythical_gilded:texture,mythical_radiant:shader,mythical_magma:shader,mythical_glitch:shader,mythical_galaxy:shader,mythical_matrix:shader,mythical_firework:shader,mythical_holographic:shader
graveler	mythical_gilded:texture,mythical_radiant:shader,mythical_magma:shader,mythical_glitch:shader,mythical_galaxy:shader,mythical_matrix:shader,mythical_firework:shader,mythical_holographic:shader
golem	mythical_gilded:texture,mythical_radiant:shader,mythical_magma:shader,mythical_glitch:shader,mythical_galaxy:shader,mythical_matrix:shader,mythical_firework:shader,mythical_holographic:shader
ponyta	mythical_blazing:texture,mythical_gilded:texture,mythical_pixie:texture,mythical_rainbow:texture,mythical_radiant:shader,mythical_magma:shader,mythical_glitch:shader,mythical_galaxy:shader,mythical_matrix:shader,mythical_firework:shader,mythical_holographic:shader
rapidash	mythical_blazing:texture,mythical_gilded:texture,mythical_pixie:texture,mythical_rainbow:texture,mythical_radiant:shader,mythical_magma:shader,mythical_glitch:shader,mythical_galaxy:shader,mythical_matrix:shader,mythical_firework:shader,mythical_holographic:shader
slowpoke	mythical_gilded:texture,mythical_radiant:shader,mythical_magma:shader,mythical_glitch:shader,mythical_galaxy:shader,mythical_matrix:shader,mythical_firework:shader,mythical_holographic:shader
slowbro	mythical_gilded:texture,mythical_radiant:shader,mythical_magma:shader,mythical_glitch:shader,mythical_galaxy:shader,mythical_matrix:shader,mythical_firework:shader,mythical_holographic:shader
magnemite	mythical_gilded:texture,mythical_radioactive:texture,mythical_radiant:shader,mythical_magma:shader,mythical_glitch:shader,mythical_galaxy:shader,mythical_matrix:shader,mythical_firework:shader,mythical_holographic:shader
magneton	mythical_gilded:texture,mythical_radioactive:texture,mythical_radiant:shader,mythical_magma:shader,mythical_glitch:shader,mythical_galaxy:shader,mythical_matrix:shader,mythical_firework:shader,mythical_holographic:shader
farfetchd	mythical_gilded:texture,mythical_radiant:shader,mythical_magma:shader,mythical_glitch:shader,mythical_galaxy:shader,mythical_matrix:shader,mythical_firework:shader,mythical_holographic:shader
doduo	mythical_gilded:texture,mythical_radioactive:texture,mythical_radiant:shader,mythical_magma:shader,mythical_glitch:shader,mythical_galaxy:shader,mythical_matrix:shader,mythical_firework:shader,mythical_holographic:shader
dodrio	mythical_gilded:texture,mythical_radioactive:texture,mythical_radiant:shader,mythical_magma:shader,mythical_glitch:shader,mythical_galaxy:shader,mythical_matrix:shader,mythical_firework:shader,mythical_holographic:shader
seel	mythical_gilded:texture,mythical_radioactive:texture,mythical_radiant:shader,mythical_magma:shader,mythical_glitch:shader,mythical_galaxy:shader,mythical_matrix:shader,mythical_firework:shader,mythical_holographic:shader
dewgong	mythical_gilded:texture,mythical_radioactive:texture,mythical_radiant:shader,mythical_magma:shader,mythical_glitch:shader,mythical_galaxy:shader,mythical_matrix:shader,mythical_firework:shader,mythical_holographic:shader
grimer	mythical_gilded:texture,mythical_radioactive:texture,mythical_radiant:shader,mythical_magma:shader,mythical_glitch:shader,mythical_galaxy:shader,mythical_matrix:shader,mythical_firework:shader,mythical_holographic:shader
muk	mythical_gilded:texture,mythical_radioactive:texture,mythical_radiant:shader,mythical_magma:shader,mythical_glitch:shader,mythical_galaxy:shader,mythical_matrix:shader,mythical_firework:shader,mythical_holographic:shader
shellder	mythical_radiant:shader,mythical_magma:shader,mythical_glitch:shader,mythical_galaxy:shader,mythical_matrix:shader,mythical_firework:shader,mythical_holographic:shader
cloyster	mythical_radiant:shader,mythical_magma:shader,mythical_glitch:shader,mythical_galaxy:shader,mythical_matrix:shader,mythical_firework:shader,mythical_holographic:shader
gastly	mythical_blazing:texture,mythical_gilded:texture,mythical_radiant:shader,mythical_magma:shader,mythical_glitch:shader,mythical_galaxy:shader,mythical_matrix:shader,mythical_firework:shader,mythical_holographic:shader
haunter	mythical_blazing:texture,mythical_gilded:texture,mythical_radiant:shader,mythical_magma:shader,mythical_glitch:shader,mythical_galaxy:shader,mythical_matrix:shader,mythical_firework:shader,mythical_holographic:shader
gengar	mythical_blazing:texture,mythical_gilded:texture,mythical_ominous:texture,mythical_rainbow:texture,mythical_radiant:shader,mythical_magma:shader,mythical_glitch:shader,mythical_galaxy:shader,mythical_matrix:shader,mythical_firework:shader,mythical_holographic:shader
onix	mythical_radiant:shader,mythical_magma:shader,mythical_glitch:shader,mythical_galaxy:shader,mythical_matrix:shader,mythical_firework:shader,mythical_holographic:shader
drowzee	mythical_gilded:texture,mythical_radiant:shader,mythical_magma:shader,mythical_glitch:shader,mythical_galaxy:shader,mythical_matrix:shader,mythical_firework:shader,mythical_holographic:shader
hypno	mythical_gilded:texture,mythical_radiant:shader,mythical_magma:shader,mythical_glitch:shader,mythical_galaxy:shader,mythical_matrix:shader,mythical_firework:shader,mythical_holographic:shader
krabby	mythical_gilded:texture,mythical_radiant:shader,mythical_magma:shader,mythical_glitch:shader,mythical_galaxy:shader,mythical_matrix:shader,mythical_firework:shader,mythical_holographic:shader
kingler	mythical_radiant:shader,mythical_magma:shader,mythical_glitch:shader,mythical_galaxy:shader,mythical_matrix:shader,mythical_firework:shader,mythical_holographic:shader
voltorb	mythical_gilded:texture,mythical_radiant:shader,mythical_magma:shader,mythical_glitch:shader,mythical_galaxy:shader,mythical_matrix:shader,mythical_firework:shader,mythical_holographic:shader
electrode	mythical_gilded:texture,mythical_radiant:shader,mythical_magma:shader,mythical_glitch:shader,mythical_galaxy:shader,mythical_matrix:shader,mythical_firework:shader,mythical_holographic:shader
exeggcute	mythical_gilded:texture,mythical_radiant:shader,mythical_magma:shader,mythical_glitch:shader,mythical_galaxy:shader,mythical_matrix:shader,mythical_firework:shader,mythical_holographic:shader
exeggutor	mythical_gilded:texture,mythical_smp:texture,mythical_radiant:shader,mythical_magma:shader,mythical_glitch:shader,mythical_galaxy:shader,mythical_matrix:shader,mythical_firework:shader,mythical_holographic:shader
cubone	mythical_radiant:shader,mythical_magma:shader,mythical_glitch:shader,mythical_galaxy:shader,mythical_matrix:shader,mythical_firework:shader,mythical_holographic:shader
marowak	mythical_gilded:texture,mythical_radiant:shader,mythical_magma:shader,mythical_glitch:shader,mythical_galaxy:shader,mythical_matrix:shader,mythical_firework:shader,mythical_holographic:shader
hitmonlee	mythical_gilded:texture,mythical_radiant:shader,mythical_magma:shader,mythical_glitch:shader,mythical_galaxy:shader,mythical_matrix:shader,mythical_firework:shader,mythical_holographic:shader
hitmonchan	mythical_gilded:texture,mythical_radiant:shader,mythical_magma:shader,mythical_glitch:shader,mythical_galaxy:shader,mythical_matrix:shader,mythical_firework:shader,mythical_holographic:shader
lickitung	mythical_gilded:texture,mythical_radiant:shader,mythical_magma:shader,mythical_glitch:shader,mythical_galaxy:shader,mythical_matrix:shader,mythical_firework:shader,mythical_holographic:shader
koffing	mythical_gilded:texture,mythical_radiant:shader,mythical_magma:shader,mythical_glitch:shader,mythical_galaxy:shader,mythical_matrix:shader,mythical_firework:shader,mythical_holographic:shader
weezing	mythical_gilded:texture,mythical_radiant:shader,mythical_magma:shader,mythical_glitch:shader,mythical_galaxy:shader,mythical_matrix:shader,mythical_firework:shader,mythical_holographic:shader
rhyhorn	mythical_radiant:shader,mythical_magma:shader,mythical_glitch:shader,mythical_galaxy:shader,mythical_matrix:shader,mythical_firework:shader,mythical_holographic:shader
rhydon	mythical_radiant:shader,mythical_magma:shader,mythical_glitch:shader,mythical_galaxy:shader,mythical_matrix:shader,mythical_firework:shader,mythical_holographic:shader
chansey	mythical_gilded:texture,mythical_radiant:shader,mythical_magma:shader,mythical_glitch:shader,mythical_galaxy:shader,mythical_matrix:shader,mythical_firework:shader,mythical_holographic:shader
tangela	mythical_gilded:texture,mythical_radiant:shader,mythical_magma:shader,mythical_glitch:shader,mythical_galaxy:shader,mythical_matrix:shader,mythical_firework:shader,mythical_holographic:shader
kangaskhan	mythical_gilded:texture,mythical_radiant:shader,mythical_magma:shader,mythical_glitch:shader,mythical_galaxy:shader,mythical_matrix:shader,mythical_firework:shader,mythical_holographic:shader
horsea	mythical_radiant:shader,mythical_magma:shader,mythical_glitch:shader,mythical_galaxy:shader,mythical_matrix:shader,mythical_firework:shader,mythical_holographic:shader
seadra	mythical_radiant:shader,mythical_magma:shader,mythical_glitch:shader,mythical_galaxy:shader,mythical_matrix:shader,mythical_firework:shader,mythical_holographic:shader
goldeen	mythical_radiant:shader,mythical_magma:shader,mythical_glitch:shader,mythical_galaxy:shader,mythical_matrix:shader,mythical_firework:shader,mythical_holographic:shader
seaking	mythical_radiant:shader,mythical_magma:shader,mythical_glitch:shader,mythical_galaxy:shader,mythical_matrix:shader,mythical_firework:shader,mythical_holographic:shader
staryu	mythical_gilded:texture,mythical_smp:texture,mythical_radiant:shader,mythical_magma:shader,mythical_glitch:shader,mythical_galaxy:shader,mythical_matrix:shader,mythical_firework:shader,mythical_holographic:shader
starmie	mythical_smp:texture,mythical_radiant:shader,mythical_magma:shader,mythical_glitch:shader,mythical_galaxy:shader,mythical_matrix:shader,mythical_firework:shader,mythical_holographic:shader
mrmime	mythical_gilded:texture,mythical_radiant:shader,mythical_magma:shader,mythical_glitch:shader,mythical_galaxy:shader,mythical_matrix:shader,mythical_firework:shader,mythical_holographic:shader
scyther	mythical_blazing:texture,mythical_gilded:texture,mythical_radiant:shader,mythical_magma:shader,mythical_glitch:shader,mythical_galaxy:shader,mythical_matrix:shader,mythical_firework:shader,mythical_holographic:shader
jynx	mythical_gilded:texture,mythical_radiant:shader,mythical_magma:shader,mythical_glitch:shader,mythical_galaxy:shader,mythical_matrix:shader,mythical_firework:shader,mythical_holographic:shader
electabuzz	mythical_gilded:texture,mythical_radioactive:texture,mythical_radiant:shader,mythical_magma:shader,mythical_glitch:shader,mythical_galaxy:shader,mythical_matrix:shader,mythical_firework:shader,mythical_holographic:shader
magmar	mythical_radiant:shader,mythical_magma:shader,mythical_glitch:shader,mythical_galaxy:shader,mythical_matrix:shader,mythical_firework:shader,mythical_holographic:shader
pinsir	mythical_gilded:texture,mythical_metallic:texture,mythical_shadow:texture,mythical_radiant:shader,mythical_magma:shader,mythical_glitch:shader,mythical_galaxy:shader,mythical_matrix:shader,mythical_firework:shader,mythical_holographic:shader
tauros	mythical_blazing:texture,mythical_gilded:texture,mythical_sakura:texture,mythical_radiant:shader,mythical_magma:shader,mythical_glitch:shader,mythical_galaxy:shader,mythical_matrix:shader,mythical_firework:shader,mythical_holographic:shader
magikarp	mythical_radiant:shader,mythical_magma:shader,mythical_glitch:shader,mythical_galaxy:shader,mythical_matrix:shader,mythical_firework:shader,mythical_holographic:shader
gyarados	mythical_pixie:texture,mythical_radiant:shader,mythical_magma:shader,mythical_glitch:shader,mythical_galaxy:shader,mythical_matrix:shader,mythical_firework:shader,mythical_holographic:shader
lapras	mythical_radiant:shader,mythical_magma:shader,mythical_glitch:shader,mythical_galaxy:shader,mythical_matrix:shader,mythical_firework:shader,mythical_holographic:shader
ditto	mythical_amongus_black:texture,mythical_amongus_blue:texture,mythical_amongus_brown:texture,mythical_amongus_green:texture,mythical_amongus_lime:texture,mythical_amongus_orange:texture,mythical_amongus_pink:texture,mythical_amongus_purple:texture,mythical_amongus_red:texture,mythical_amongus_teal:texture,mythical_amongus_white:texture,mythical_amongus_yellow:texture,mythical_easter:texture,mythical_gilded:texture,mythical_nebula:texture,mythical_radioactive:texture,mythical_shadow:texture,mythical_radiant:shader,mythical_magma:shader,mythical_glitch:shader,mythical_galaxy:shader,mythical_matrix:shader,mythical_firework:shader,mythical_holographic:shader
eevee	mythical_radiant:shader,mythical_magma:shader,mythical_glitch:shader,mythical_galaxy:shader,mythical_matrix:shader,mythical_firework:shader,mythical_holographic:shader
vaporeon	mythical_radiant:shader,mythical_magma:shader,mythical_glitch:shader,mythical_galaxy:shader,mythical_matrix:shader,mythical_firework:shader,mythical_holographic:shader
jolteon	mythical_radiant:shader,mythical_magma:shader,mythical_glitch:shader,mythical_galaxy:shader,mythical_matrix:shader,mythical_firework:shader,mythical_holographic:shader
flareon	mythical_radiant:shader,mythical_magma:shader,mythical_glitch:shader,mythical_galaxy:shader,mythical_matrix:shader,mythical_firework:shader,mythical_holographic:shader
porygon	mythical_blazing:texture,mythical_gilded:texture,mythical_radiant:shader,mythical_magma:shader,mythical_glitch:shader,mythical_galaxy:shader,mythical_matrix:shader,mythical_firework:shader,mythical_holographic:shader
omanyte	mythical_gilded:texture,mythical_pixie:texture,mythical_radiant:shader,mythical_magma:shader,mythical_glitch:shader,mythical_galaxy:shader,mythical_matrix:shader,mythical_firework:shader,mythical_holographic:shader
omastar	mythical_gilded:texture,mythical_pixie:texture,mythical_radiant:shader,mythical_magma:shader,mythical_glitch:shader,mythical_galaxy:shader,mythical_matrix:shader,mythical_firework:shader,mythical_holographic:shader
kabuto	mythical_radiant:shader,mythical_magma:shader,mythical_glitch:shader,mythical_galaxy:shader,mythical_matrix:shader,mythical_firework:shader,mythical_holographic:shader
kabutops	mythical_gilded:texture,mythical_radiant:shader,mythical_magma:shader,mythical_glitch:shader,mythical_galaxy:shader,mythical_matrix:shader,mythical_firework:shader,mythical_holographic:shader
aerodactyl	mythical_gilded:texture,mythical_radiant:shader,mythical_magma:shader,mythical_glitch:shader,mythical_galaxy:shader,mythical_matrix:shader,mythical_firework:shader,mythical_holographic:shader
snorlax	mythical_gilded:texture,mythical_shadow:texture,mythical_radiant:shader,mythical_magma:shader,mythical_glitch:shader,mythical_galaxy:shader,mythical_matrix:shader,mythical_firework:shader,mythical_holographic:shader
articuno	mythical_blazing:texture,mythical_gilded:texture,mythical_radioactive:texture,mythical_shadow:texture,mythical_radiant:shader,mythical_magma:shader,mythical_glitch:shader,mythical_galaxy:shader,mythical_matrix:shader,mythical_firework:shader,mythical_holographic:shader
zapdos	mythical_radiant:shader,mythical_magma:shader,mythical_glitch:shader,mythical_galaxy:shader,mythical_matrix:shader,mythical_firework:shader,mythical_holographic:shader
moltres	mythical_blazing:texture,mythical_gilded:texture,mythical_radioactive:texture,mythical_shadow:texture,mythical_radiant:shader,mythical_magma:shader,mythical_glitch:shader,mythical_galaxy:shader,mythical_matrix:shader,mythical_firework:shader,mythical_holographic:shader
dratini	mythical_blazing:texture,mythical_easter:texture,mythical_frosted:texture,mythical_pixie:texture,mythical_plasma:texture,mythical_shadow:texture,mythical_twilight:texture,mythical_radiant:shader,mythical_magma:shader,mythical_glitch:shader,mythical_galaxy:shader,mythical_matrix:shader,mythical_firework:shader,mythical_holographic:shader
dragonair	mythical_blazing:texture,mythical_easter:texture,mythical_frosted:texture,mythical_pixie:texture,mythical_plasma:texture,mythical_shadow:texture,mythical_twilight:texture,mythical_radiant:shader,mythical_magma:shader,mythical_glitch:shader,mythical_galaxy:shader,mythical_matrix:shader,mythical_firework:shader,mythical_holographic:shader
dragonite	mythical_blazing:texture,mythical_easter:texture,mythical_pixie:texture,mythical_plasma:texture,mythical_shadow:texture,mythical_twilight:texture,mythical_radiant:shader,mythical_magma:shader,mythical_glitch:shader,mythical_galaxy:shader,mythical_matrix:shader,mythical_firework:shader,mythical_holographic:shader
mewtwo	mythical_blazing:texture,mythical_error:texture,mythical_gilded:texture,mythical_metallic:texture,mythical_radioactive:texture,mythical_shadow:texture,mythical_radiant:shader,mythical_magma:shader,mythical_glitch:shader,mythical_galaxy:shader,mythical_matrix:shader,mythical_firework:shader,mythical_holographic:shader
mew	mythical_radiant:shader,mythical_magma:shader,mythical_glitch:shader,mythical_galaxy:shader,mythical_matrix:shader,mythical_firework:shader,mythical_holographic:shader
chikorita	mythical_gilded:texture,mythical_ominous:texture,mythical_pixie:texture,mythical_rainbow:texture,mythical_radiant:shader,mythical_magma:shader,mythical_glitch:shader,mythical_galaxy:shader,mythical_matrix:shader,mythical_firework:shader,mythical_holographic:shader
bayleef	mythical_gilded:texture,mythical_ominous:texture,mythical_radiant:shader,mythical_magma:shader,mythical_glitch:shader,mythical_galaxy:shader,mythical_matrix:shader,mythical_firework:shader,mythical_holographic:shader
meganium	mythical_gilded:texture,mythical_ominous:texture,mythical_pixie:texture,mythical_radiant:shader,mythical_magma:shader,mythical_glitch:shader,mythical_galaxy:shader,mythical_matrix:shader,mythical_firework:shader,mythical_holographic:shader
cyndaquil	mythical_gilded:texture,mythical_ominous:texture,mythical_rainbow:texture,mythical_radiant:shader,mythical_magma:shader,mythical_glitch:shader,mythical_galaxy:shader,mythical_matrix:shader,mythical_firework:shader,mythical_holographic:shader
quilava	mythical_gilded:texture,mythical_ominous:texture,mythical_rainbow:texture,mythical_radiant:shader,mythical_magma:shader,mythical_glitch:shader,mythical_galaxy:shader,mythical_matrix:shader,mythical_firework:shader,mythical_holographic:shader
typhlosion	mythical_gilded:texture,mythical_ominous:texture,mythical_pixie:texture,mythical_rainbow:texture,mythical_radiant:shader,mythical_magma:shader,mythical_glitch:shader,mythical_galaxy:shader,mythical_matrix:shader,mythical_firework:shader,mythical_holographic:shader
totodile	mythical_gilded:texture,mythical_ominous:texture,mythical_pixie:texture,mythical_radioactive:texture,mythical_rainbow:texture,mythical_radiant:shader,mythical_magma:shader,mythical_glitch:shader,mythical_galaxy:shader,mythical_matrix:shader,mythical_firework:shader,mythical_holographic:shader
croconaw	mythical_gilded:texture,mythical_ominous:texture,mythical_pixie:texture,mythical_radioactive:texture,mythical_rainbow:texture,mythical_radiant:shader,mythical_magma:shader,mythical_glitch:shader,mythical_galaxy:shader,mythical_matrix:shader,mythical_firework:shader,mythical_holographic:shader
feraligatr	mythical_gilded:texture,mythical_ominous:texture,mythical_pixie:texture,mythical_radioactive:texture,mythical_rainbow:texture,mythical_radiant:shader,mythical_magma:shader,mythical_glitch:shader,mythical_galaxy:shader,mythical_matrix:shader,mythical_firework:shader,mythical_holographic:shader
sentret	mythical_radiant:shader,mythical_magma:shader,mythical_glitch:shader,mythical_galaxy:shader,mythical_matrix:shader,mythical_firework:shader,mythical_holographic:shader
furret	mythical_radiant:shader,mythical_magma:shader,mythical_glitch:shader,mythical_galaxy:shader,mythical_matrix:shader,mythical_firework:shader,mythical_holographic:shader
hoothoot	mythical_shadow:texture,mythical_radiant:shader,mythical_magma:shader,mythical_glitch:shader,mythical_galaxy:shader,mythical_matrix:shader,mythical_firework:shader,mythical_holographic:shader
noctowl	mythical_shadow:texture,mythical_radiant:shader,mythical_magma:shader,mythical_glitch:shader,mythical_galaxy:shader,mythical_matrix:shader,mythical_firework:shader,mythical_holographic:shader
spinarak	mythical_radiant:shader,mythical_magma:shader,mythical_glitch:shader,mythical_galaxy:shader,mythical_matrix:shader,mythical_firework:shader,mythical_holographic:shader
ariados	mythical_radiant:shader,mythical_magma:shader,mythical_glitch:shader,mythical_galaxy:shader,mythical_matrix:shader,mythical_firework:shader,mythical_holographic:shader
crobat	mythical_radiant:shader,mythical_magma:shader,mythical_glitch:shader,mythical_galaxy:shader,mythical_matrix:shader,mythical_firework:shader,mythical_holographic:shader
chinchou	mythical_radiant:shader,mythical_magma:shader,mythical_glitch:shader,mythical_galaxy:shader,mythical_matrix:shader,mythical_firework:shader,mythical_holographic:shader
lanturn	mythical_radiant:shader,mythical_magma:shader,mythical_glitch:shader,mythical_galaxy:shader,mythical_matrix:shader,mythical_firework:shader,mythical_holographic:shader
pichu	mythical_gilded:texture,mythical_radioactive:texture,mythical_radiant:shader,mythical_magma:shader,mythical_glitch:shader,mythical_galaxy:shader,mythical_matrix:shader,mythical_firework:shader,mythical_holographic:shader
cleffa	mythical_gilded:texture,mythical_radioactive:texture,mythical_radiant:shader,mythical_magma:shader,mythical_glitch:shader,mythical_galaxy:shader,mythical_matrix:shader,mythical_firework:shader,mythical_holographic:shader
igglybuff	mythical_radiant:shader,mythical_magma:shader,mythical_glitch:shader,mythical_galaxy:shader,mythical_matrix:shader,mythical_firework:shader,mythical_holographic:shader
natu	mythical_metallic:texture,mythical_radiant:shader,mythical_magma:shader,mythical_glitch:shader,mythical_galaxy:shader,mythical_matrix:shader,mythical_firework:shader,mythical_holographic:shader
xatu	mythical_metallic:texture,mythical_radiant:shader,mythical_magma:shader,mythical_glitch:shader,mythical_galaxy:shader,mythical_matrix:shader,mythical_firework:shader,mythical_holographic:shader
mareep	mythical_gilded:texture,mythical_jungle:texture,mythical_pixie:texture,mythical_rainbow:texture,mythical_radiant:shader,mythical_magma:shader,mythical_glitch:shader,mythical_galaxy:shader,mythical_matrix:shader,mythical_firework:shader,mythical_holographic:shader
flaaffy	mythical_gilded:texture,mythical_jungle:texture,mythical_pixie:texture,mythical_rainbow:texture,mythical_radiant:shader,mythical_magma:shader,mythical_glitch:shader,mythical_galaxy:shader,mythical_matrix:shader,mythical_firework:shader,mythical_holographic:shader
ampharos	mythical_gilded:texture,mythical_jungle:texture,mythical_pixie:texture,mythical_rainbow:texture,mythical_radiant:shader,mythical_magma:shader,mythical_glitch:shader,mythical_galaxy:shader,mythical_matrix:shader,mythical_firework:shader,mythical_holographic:shader
bellossom	mythical_gilded:texture,mythical_radioactive:texture,mythical_radiant:shader,mythical_magma:shader,mythical_glitch:shader,mythical_galaxy:shader,mythical_matrix:shader,mythical_firework:shader,mythical_holographic:shader
sudowoodo	mythical_gingerbread:texture,mythical_sakura:texture,mythical_radiant:shader,mythical_magma:shader,mythical_glitch:shader,mythical_galaxy:shader,mythical_matrix:shader,mythical_firework:shader,mythical_holographic:shader
politoed	mythical_gilded:texture,mythical_pixie:texture,mythical_radioactive:texture,mythical_rainbow:texture,mythical_smp:texture,mythical_radiant:shader,mythical_magma:shader,mythical_glitch:shader,mythical_galaxy:shader,mythical_matrix:shader,mythical_firework:shader,mythical_holographic:shader
aipom	mythical_radiant:shader,mythical_magma:shader,mythical_glitch:shader,mythical_galaxy:shader,mythical_matrix:shader,mythical_firework:shader,mythical_holographic:shader
yanma	mythical_sakura:texture,mythical_radiant:shader,mythical_magma:shader,mythical_glitch:shader,mythical_galaxy:shader,mythical_matrix:shader,mythical_firework:shader,mythical_holographic:shader
wooper	mythical_error:texture,mythical_shadow:texture,mythical_smp_v2:texture,mythical_radiant:shader,mythical_magma:shader,mythical_glitch:shader,mythical_galaxy:shader,mythical_matrix:shader,mythical_firework:shader,mythical_holographic:shader
quagsire	mythical_error:texture,mythical_shadow:texture,mythical_smp_v2:texture,mythical_radiant:shader,mythical_magma:shader,mythical_glitch:shader,mythical_galaxy:shader,mythical_matrix:shader,mythical_firework:shader,mythical_holographic:shader
espeon	mythical_radioactive:texture,mythical_shadow:texture,mythical_radiant:shader,mythical_magma:shader,mythical_glitch:shader,mythical_galaxy:shader,mythical_matrix:shader,mythical_firework:shader,mythical_holographic:shader
umbreon	mythical_blazing:texture,mythical_error:texture,mythical_gilded:texture,mythical_radioactive:texture,mythical_shadow:texture,mythical_radiant:shader,mythical_magma:shader,mythical_glitch:shader,mythical_galaxy:shader,mythical_matrix:shader,mythical_firework:shader,mythical_holographic:shader
murkrow	mythical_error:texture,mythical_gilded:texture,mythical_shadow:texture,mythical_radiant:shader,mythical_magma:shader,mythical_glitch:shader,mythical_galaxy:shader,mythical_matrix:shader,mythical_firework:shader,mythical_holographic:shader
slowking	mythical_gilded:texture,mythical_radiant:shader,mythical_magma:shader,mythical_glitch:shader,mythical_galaxy:shader,mythical_matrix:shader,mythical_firework:shader,mythical_holographic:shader
misdreavus	mythical_gilded:texture,mythical_ominous:texture,mythical_radiant:shader,mythical_magma:shader,mythical_glitch:shader,mythical_galaxy:shader,mythical_matrix:shader,mythical_firework:shader,mythical_holographic:shader
pineco	mythical_radiant:shader,mythical_magma:shader,mythical_glitch:shader,mythical_galaxy:shader,mythical_matrix:shader,mythical_firework:shader,mythical_holographic:shader
forretress	mythical_radiant:shader,mythical_magma:shader,mythical_glitch:shader,mythical_galaxy:shader,mythical_matrix:shader,mythical_firework:shader,mythical_holographic:shader
gligar	mythical_radiant:shader,mythical_magma:shader,mythical_glitch:shader,mythical_galaxy:shader,mythical_matrix:shader,mythical_firework:shader,mythical_holographic:shader
steelix	mythical_gilded:texture,mythical_radiant:shader,mythical_magma:shader,mythical_glitch:shader,mythical_galaxy:shader,mythical_matrix:shader,mythical_firework:shader,mythical_holographic:shader
snubbull	mythical_shadow:texture,mythical_radiant:shader,mythical_magma:shader,mythical_glitch:shader,mythical_galaxy:shader,mythical_matrix:shader,mythical_firework:shader,mythical_holographic:shader
granbull	mythical_shadow:texture,mythical_radiant:shader,mythical_magma:shader,mythical_glitch:shader,mythical_galaxy:shader,mythical_matrix:shader,mythical_firework:shader,mythical_holographic:shader
qwilfish	mythical_radiant:shader,mythical_magma:shader,mythical_glitch:shader,mythical_galaxy:shader,mythical_matrix:shader,mythical_firework:shader,mythical_holographic:shader
scizor	mythical_blazing:texture,mythical_gilded:texture,mythical_radiant:shader,mythical_magma:shader,mythical_glitch:shader,mythical_galaxy:shader,mythical_matrix:shader,mythical_firework:shader,mythical_holographic:shader
shuckle	mythical_blazing:texture,mythical_easter:texture,mythical_gilded:texture,mythical_radiant:shader,mythical_magma:shader,mythical_glitch:shader,mythical_galaxy:shader,mythical_matrix:shader,mythical_firework:shader,mythical_holographic:shader
heracross	mythical_radiant:shader,mythical_magma:shader,mythical_glitch:shader,mythical_galaxy:shader,mythical_matrix:shader,mythical_firework:shader,mythical_holographic:shader
sneasel	mythical_radiant:shader,mythical_magma:shader,mythical_glitch:shader,mythical_galaxy:shader,mythical_matrix:shader,mythical_firework:shader,mythical_holographic:shader
teddiursa	mythical_radiant:shader,mythical_magma:shader,mythical_glitch:shader,mythical_galaxy:shader,mythical_matrix:shader,mythical_firework:shader,mythical_holographic:shader
ursaring	mythical_radiant:shader,mythical_magma:shader,mythical_glitch:shader,mythical_galaxy:shader,mythical_matrix:shader,mythical_firework:shader,mythical_holographic:shader
slugma	mythical_frosted:texture,mythical_ominous:texture,mythical_radiant:shader,mythical_magma:shader,mythical_glitch:shader,mythical_galaxy:shader,mythical_matrix:shader,mythical_firework:shader,mythical_holographic:shader
magcargo	mythical_frosted:texture,mythical_ominous:texture,mythical_radiant:shader,mythical_magma:shader,mythical_glitch:shader,mythical_galaxy:shader,mythical_matrix:shader,mythical_firework:shader,mythical_holographic:shader
swinub	mythical_radiant:shader,mythical_magma:shader,mythical_glitch:shader,mythical_galaxy:shader,mythical_matrix:shader,mythical_firework:shader,mythical_holographic:shader
piloswine	mythical_sakura:texture,mythical_radiant:shader,mythical_magma:shader,mythical_glitch:shader,mythical_galaxy:shader,mythical_matrix:shader,mythical_firework:shader,mythical_holographic:shader
skarmory	mythical_gilded:texture,mythical_radiant:shader,mythical_magma:shader,mythical_glitch:shader,mythical_galaxy:shader,mythical_matrix:shader,mythical_firework:shader,mythical_holographic:shader
kingdra	mythical_radiant:shader,mythical_magma:shader,mythical_glitch:shader,mythical_galaxy:shader,mythical_matrix:shader,mythical_firework:shader,mythical_holographic:shader
phanpy	mythical_radiant:shader,mythical_magma:shader,mythical_glitch:shader,mythical_galaxy:shader,mythical_matrix:shader,mythical_firework:shader,mythical_holographic:shader
donphan	mythical_radiant:shader,mythical_magma:shader,mythical_glitch:shader,mythical_galaxy:shader,mythical_matrix:shader,mythical_firework:shader,mythical_holographic:shader
porygon2	mythical_radiant:shader,mythical_magma:shader,mythical_glitch:shader,mythical_galaxy:shader,mythical_matrix:shader,mythical_firework:shader,mythical_holographic:shader
stantler	mythical_radiant:shader,mythical_magma:shader,mythical_glitch:shader,mythical_galaxy:shader,mythical_matrix:shader,mythical_firework:shader,mythical_holographic:shader
smeargle	mythical_gilded:texture,mythical_radiant:shader,mythical_magma:shader,mythical_glitch:shader,mythical_galaxy:shader,mythical_matrix:shader,mythical_firework:shader,mythical_holographic:shader
tyrogue	mythical_gilded:texture,mythical_radiant:shader,mythical_magma:shader,mythical_glitch:shader,mythical_galaxy:shader,mythical_matrix:shader,mythical_firework:shader,mythical_holographic:shader
hitmontop	mythical_gilded:texture,mythical_radiant:shader,mythical_magma:shader,mythical_glitch:shader,mythical_galaxy:shader,mythical_matrix:shader,mythical_firework:shader,mythical_holographic:shader
smoochum	mythical_gilded:texture,mythical_radiant:shader,mythical_magma:shader,mythical_glitch:shader,mythical_galaxy:shader,mythical_matrix:shader,mythical_firework:shader,mythical_holographic:shader
elekid	mythical_gilded:texture,mythical_radioactive:texture,mythical_radiant:shader,mythical_magma:shader,mythical_glitch:shader,mythical_galaxy:shader,mythical_matrix:shader,mythical_firework:shader,mythical_holographic:shader
magby	mythical_radiant:shader,mythical_magma:shader,mythical_glitch:shader,mythical_galaxy:shader,mythical_matrix:shader,mythical_firework:shader,mythical_holographic:shader
miltank	mythical_gilded:texture,mythical_radiant:shader,mythical_magma:shader,mythical_glitch:shader,mythical_galaxy:shader,mythical_matrix:shader,mythical_firework:shader,mythical_holographic:shader
blissey	mythical_gilded:texture,mythical_radiant:shader,mythical_magma:shader,mythical_glitch:shader,mythical_galaxy:shader,mythical_matrix:shader,mythical_firework:shader,mythical_holographic:shader
larvitar	mythical_frosted:texture,mythical_gilded:texture,mythical_metallic:texture,mythical_plasma:texture,mythical_radiant:shader,mythical_magma:shader,mythical_glitch:shader,mythical_galaxy:shader,mythical_matrix:shader,mythical_firework:shader,mythical_holographic:shader
pupitar	mythical_frosted:texture,mythical_gilded:texture,mythical_metallic:texture,mythical_plasma:texture,mythical_radiant:shader,mythical_magma:shader,mythical_glitch:shader,mythical_galaxy:shader,mythical_matrix:shader,mythical_firework:shader,mythical_holographic:shader
tyranitar	mythical_frosted:texture,mythical_gilded:texture,mythical_metallic:texture,mythical_plasma:texture,mythical_smp_v2:texture,mythical_radiant:shader,mythical_magma:shader,mythical_glitch:shader,mythical_galaxy:shader,mythical_matrix:shader,mythical_firework:shader,mythical_holographic:shader
treecko	mythical_radiant:shader,mythical_magma:shader,mythical_glitch:shader,mythical_galaxy:shader,mythical_matrix:shader,mythical_firework:shader,mythical_holographic:shader
grovyle	mythical_gilded:texture,mythical_pixie:texture,mythical_plasma:texture,mythical_rainbow:texture,mythical_valentines:texture,mythical_radiant:shader,mythical_magma:shader,mythical_glitch:shader,mythical_galaxy:shader,mythical_matrix:shader,mythical_firework:shader,mythical_holographic:shader
sceptile	mythical_gilded:texture,mythical_pixie:texture,mythical_plasma:texture,mythical_rainbow:texture,mythical_valentines:texture,mythical_radiant:shader,mythical_magma:shader,mythical_glitch:shader,mythical_galaxy:shader,mythical_matrix:shader,mythical_firework:shader,mythical_holographic:shader
torchic	mythical_gilded:texture,mythical_pixie:texture,mythical_plasma:texture,mythical_rainbow:texture,mythical_valentines:texture,mythical_radiant:shader,mythical_magma:shader,mythical_glitch:shader,mythical_galaxy:shader,mythical_matrix:shader,mythical_firework:shader,mythical_holographic:shader
combusken	mythical_gilded:texture,mythical_pixie:texture,mythical_plasma:texture,mythical_rainbow:texture,mythical_valentines:texture,mythical_radiant:shader,mythical_magma:shader,mythical_glitch:shader,mythical_galaxy:shader,mythical_matrix:shader,mythical_firework:shader,mythical_holographic:shader
blaziken	mythical_gilded:texture,mythical_pixie:texture,mythical_plasma:texture,mythical_rainbow:texture,mythical_valentines:texture,mythical_radiant:shader,mythical_magma:shader,mythical_glitch:shader,mythical_galaxy:shader,mythical_matrix:shader,mythical_firework:shader,mythical_holographic:shader
mudkip	mythical_radiant:shader,mythical_magma:shader,mythical_glitch:shader,mythical_galaxy:shader,mythical_matrix:shader,mythical_firework:shader,mythical_holographic:shader
marshtomp	mythical_radiant:shader,mythical_magma:shader,mythical_glitch:shader,mythical_galaxy:shader,mythical_matrix:shader,mythical_firework:shader,mythical_holographic:shader
swampert	mythical_radiant:shader,mythical_magma:shader,mythical_glitch:shader,mythical_galaxy:shader,mythical_matrix:shader,mythical_firework:shader,mythical_holographic:shader
poochyena	mythical_metallic:texture,mythical_ominous:texture,mythical_shadow:texture,mythical_radiant:shader,mythical_magma:shader,mythical_glitch:shader,mythical_galaxy:shader,mythical_matrix:shader,mythical_firework:shader,mythical_holographic:shader
mightyena	mythical_metallic:texture,mythical_ominous:texture,mythical_shadow:texture,mythical_radiant:shader,mythical_magma:shader,mythical_glitch:shader,mythical_galaxy:shader,mythical_matrix:shader,mythical_firework:shader,mythical_holographic:shader
zigzagoon	mythical_ominous:texture,mythical_radioactive:texture,mythical_shadow:texture,mythical_radiant:shader,mythical_magma:shader,mythical_glitch:shader,mythical_galaxy:shader,mythical_matrix:shader,mythical_firework:shader,mythical_holographic:shader
linoone	mythical_ominous:texture,mythical_radioactive:texture,mythical_shadow:texture,mythical_radiant:shader,mythical_magma:shader,mythical_glitch:shader,mythical_galaxy:shader,mythical_matrix:shader,mythical_firework:shader,mythical_holographic:shader
lotad	mythical_radiant:shader,mythical_magma:shader,mythical_glitch:shader,mythical_galaxy:shader,mythical_matrix:shader,mythical_firework:shader,mythical_holographic:shader
lombre	mythical_radiant:shader,mythical_magma:shader,mythical_glitch:shader,mythical_galaxy:shader,mythical_matrix:shader,mythical_firework:shader,mythical_holographic:shader
ludicolo	mythical_radiant:shader,mythical_magma:shader,mythical_glitch:shader,mythical_galaxy:shader,mythical_matrix:shader,mythical_firework:shader,mythical_holographic:shader
seedot	mythical_radiant:shader,mythical_magma:shader,mythical_glitch:shader,mythical_galaxy:shader,mythical_matrix:shader,mythical_firework:shader,mythical_holographic:shader
nuzleaf	mythical_radiant:shader,mythical_magma:shader,mythical_glitch:shader,mythical_galaxy:shader,mythical_matrix:shader,mythical_firework:shader,mythical_holographic:shader
shiftry	mythical_radiant:shader,mythical_magma:shader,mythical_glitch:shader,mythical_galaxy:shader,mythical_matrix:shader,mythical_firework:shader,mythical_holographic:shader
taillow	mythical_radiant:shader,mythical_magma:shader,mythical_glitch:shader,mythical_galaxy:shader,mythical_matrix:shader,mythical_firework:shader,mythical_holographic:shader
swellow	mythical_radiant:shader,mythical_magma:shader,mythical_glitch:shader,mythical_galaxy:shader,mythical_matrix:shader,mythical_firework:shader,mythical_holographic:shader
wingull	mythical_radiant:shader,mythical_magma:shader,mythical_glitch:shader,mythical_galaxy:shader,mythical_matrix:shader,mythical_firework:shader,mythical_holographic:shader
pelipper	mythical_radiant:shader,mythical_magma:shader,mythical_glitch:shader,mythical_galaxy:shader,mythical_matrix:shader,mythical_firework:shader,mythical_holographic:shader
ralts	mythical_independence_day:texture,mythical_radioactive:texture,mythical_radiant:shader,mythical_magma:shader,mythical_glitch:shader,mythical_galaxy:shader,mythical_matrix:shader,mythical_firework:shader,mythical_holographic:shader
kirlia	mythical_independence_day:texture,mythical_radioactive:texture,mythical_valentines:texture,mythical_radiant:shader,mythical_magma:shader,mythical_glitch:shader,mythical_galaxy:shader,mythical_matrix:shader,mythical_firework:shader,mythical_holographic:shader
gardevoir	mythical_independence_day:texture,mythical_radioactive:texture,mythical_radiant:shader,mythical_magma:shader,mythical_glitch:shader,mythical_galaxy:shader,mythical_matrix:shader,mythical_firework:shader,mythical_holographic:shader
surskit	mythical_radiant:shader,mythical_magma:shader,mythical_glitch:shader,mythical_galaxy:shader,mythical_matrix:shader,mythical_firework:shader,mythical_holographic:shader
masquerain	mythical_radiant:shader,mythical_magma:shader,mythical_glitch:shader,mythical_galaxy:shader,mythical_matrix:shader,mythical_firework:shader,mythical_holographic:shader
shroomish	mythical_shadow:texture,mythical_radiant:shader,mythical_magma:shader,mythical_glitch:shader,mythical_galaxy:shader,mythical_matrix:shader,mythical_firework:shader,mythical_holographic:shader
breloom	mythical_shadow:texture,mythical_radiant:shader,mythical_magma:shader,mythical_glitch:shader,mythical_galaxy:shader,mythical_matrix:shader,mythical_firework:shader,mythical_holographic:shader
nincada	mythical_radiant:shader,mythical_magma:shader,mythical_glitch:shader,mythical_galaxy:shader,mythical_matrix:shader,mythical_firework:shader,mythical_holographic:shader
ninjask	mythical_radiant:shader,mythical_magma:shader,mythical_glitch:shader,mythical_galaxy:shader,mythical_matrix:shader,mythical_firework:shader,mythical_holographic:shader
shedinja	mythical_radiant:shader,mythical_magma:shader,mythical_glitch:shader,mythical_galaxy:shader,mythical_matrix:shader,mythical_firework:shader,mythical_holographic:shader
whismur	mythical_radiant:shader,mythical_magma:shader,mythical_glitch:shader,mythical_galaxy:shader,mythical_matrix:shader,mythical_firework:shader,mythical_holographic:shader
loudred	mythical_radiant:shader,mythical_magma:shader,mythical_glitch:shader,mythical_galaxy:shader,mythical_matrix:shader,mythical_firework:shader,mythical_holographic:shader
exploud	mythical_radiant:shader,mythical_magma:shader,mythical_glitch:shader,mythical_galaxy:shader,mythical_matrix:shader,mythical_firework:shader,mythical_holographic:shader
makuhita	mythical_radiant:shader,mythical_magma:shader,mythical_glitch:shader,mythical_galaxy:shader,mythical_matrix:shader,mythical_firework:shader,mythical_holographic:shader
hariyama	mythical_radiant:shader,mythical_magma:shader,mythical_glitch:shader,mythical_galaxy:shader,mythical_matrix:shader,mythical_firework:shader,mythical_holographic:shader
nosepass	mythical_radiant:shader,mythical_magma:shader,mythical_glitch:shader,mythical_galaxy:shader,mythical_matrix:shader,mythical_firework:shader,mythical_holographic:shader
sableye	mythical_gilded:texture,mythical_metallic:texture,mythical_ominous:texture,mythical_radioactive:texture,mythical_radiant:shader,mythical_magma:shader,mythical_glitch:shader,mythical_galaxy:shader,mythical_matrix:shader,mythical_firework:shader,mythical_holographic:shader
mawile	mythical_metallic:texture,mythical_radiant:shader,mythical_magma:shader,mythical_glitch:shader,mythical_galaxy:shader,mythical_matrix:shader,mythical_firework:shader,mythical_holographic:shader
aron	mythical_gilded:texture,mythical_metallic:texture,mythical_radiant:shader,mythical_magma:shader,mythical_glitch:shader,mythical_galaxy:shader,mythical_matrix:shader,mythical_firework:shader,mythical_holographic:shader
lairon	mythical_gilded:texture,mythical_metallic:texture,mythical_spectre:texture,mythical_radiant:shader,mythical_magma:shader,mythical_glitch:shader,mythical_galaxy:shader,mythical_matrix:shader,mythical_firework:shader,mythical_holographic:shader
aggron	mythical_gilded:texture,mythical_metallic:texture,mythical_smp_v2:texture,mythical_spectre:texture,mythical_radiant:shader,mythical_magma:shader,mythical_glitch:shader,mythical_galaxy:shader,mythical_matrix:shader,mythical_firework:shader,mythical_holographic:shader
plusle	mythical_radiant:shader,mythical_magma:shader,mythical_glitch:shader,mythical_galaxy:shader,mythical_matrix:shader,mythical_firework:shader,mythical_holographic:shader
minun	mythical_radiant:shader,mythical_magma:shader,mythical_glitch:shader,mythical_galaxy:shader,mythical_matrix:shader,mythical_firework:shader,mythical_holographic:shader
volbeat	mythical_radiant:shader,mythical_magma:shader,mythical_glitch:shader,mythical_galaxy:shader,mythical_matrix:shader,mythical_firework:shader,mythical_holographic:shader
illumise	mythical_radiant:shader,mythical_magma:shader,mythical_glitch:shader,mythical_galaxy:shader,mythical_matrix:shader,mythical_firework:shader,mythical_holographic:shader
roselia	mythical_radiant:shader,mythical_magma:shader,mythical_glitch:shader,mythical_galaxy:shader,mythical_matrix:shader,mythical_firework:shader,mythical_holographic:shader
carvanha	mythical_radiant:shader,mythical_magma:shader,mythical_glitch:shader,mythical_galaxy:shader,mythical_matrix:shader,mythical_firework:shader,mythical_holographic:shader
sharpedo	mythical_metallic:texture,mythical_radiant:shader,mythical_magma:shader,mythical_glitch:shader,mythical_galaxy:shader,mythical_matrix:shader,mythical_firework:shader,mythical_holographic:shader
wailmer	mythical_gilded:texture,mythical_pixie:texture,mythical_rainbow:texture,mythical_twilight:texture,mythical_radiant:shader,mythical_magma:shader,mythical_glitch:shader,mythical_galaxy:shader,mythical_matrix:shader,mythical_firework:shader,mythical_holographic:shader
wailord	mythical_gilded:texture,mythical_pixie:texture,mythical_rainbow:texture,mythical_twilight:texture,mythical_radiant:shader,mythical_magma:shader,mythical_glitch:shader,mythical_galaxy:shader,mythical_matrix:shader,mythical_firework:shader,mythical_holographic:shader
numel	mythical_shadow:texture,mythical_radiant:shader,mythical_magma:shader,mythical_glitch:shader,mythical_galaxy:shader,mythical_matrix:shader,mythical_firework:shader,mythical_holographic:shader
camerupt	mythical_shadow:texture,mythical_radiant:shader,mythical_magma:shader,mythical_glitch:shader,mythical_galaxy:shader,mythical_matrix:shader,mythical_firework:shader,mythical_holographic:shader
torkoal	mythical_gilded:texture,mythical_ominous:texture,mythical_smp_v3:texture,mythical_radiant:shader,mythical_magma:shader,mythical_glitch:shader,mythical_galaxy:shader,mythical_matrix:shader,mythical_firework:shader,mythical_holographic:shader
spinda	mythical_spectre:texture,mythical_radiant:shader,mythical_magma:shader,mythical_glitch:shader,mythical_galaxy:shader,mythical_matrix:shader,mythical_firework:shader,mythical_holographic:shader
trapinch	mythical_gilded:texture,mythical_metallic:texture,mythical_nebula:texture,mythical_radiant:shader,mythical_magma:shader,mythical_glitch:shader,mythical_galaxy:shader,mythical_matrix:shader,mythical_firework:shader,mythical_holographic:shader
vibrava	mythical_gilded:texture,mythical_metallic:texture,mythical_nebula:texture,mythical_radiant:shader,mythical_magma:shader,mythical_glitch:shader,mythical_galaxy:shader,mythical_matrix:shader,mythical_firework:shader,mythical_holographic:shader
flygon	mythical_gilded:texture,mythical_metallic:texture,mythical_nebula:texture,mythical_radiant:shader,mythical_magma:shader,mythical_glitch:shader,mythical_galaxy:shader,mythical_matrix:shader,mythical_firework:shader,mythical_holographic:shader
cacnea	mythical_radiant:shader,mythical_magma:shader,mythical_glitch:shader,mythical_galaxy:shader,mythical_matrix:shader,mythical_firework:shader,mythical_holographic:shader
cacturne	mythical_radiant:shader,mythical_magma:shader,mythical_glitch:shader,mythical_galaxy:shader,mythical_matrix:shader,mythical_firework:shader,mythical_holographic:shader
lunatone	mythical_radiant:shader,mythical_magma:shader,mythical_glitch:shader,mythical_galaxy:shader,mythical_matrix:shader,mythical_firework:shader,mythical_holographic:shader
solrock	mythical_radiant:shader,mythical_magma:shader,mythical_glitch:shader,mythical_galaxy:shader,mythical_matrix:shader,mythical_firework:shader,mythical_holographic:shader
barboach	mythical_blazing:texture,mythical_radiant:shader,mythical_magma:shader,mythical_glitch:shader,mythical_galaxy:shader,mythical_matrix:shader,mythical_firework:shader,mythical_holographic:shader
whiscash	mythical_blazing:texture,mythical_radiant:shader,mythical_magma:shader,mythical_glitch:shader,mythical_galaxy:shader,mythical_matrix:shader,mythical_firework:shader,mythical_holographic:shader
baltoy	mythical_radiant:shader,mythical_magma:shader,mythical_glitch:shader,mythical_galaxy:shader,mythical_matrix:shader,mythical_firework:shader,mythical_holographic:shader
claydol	mythical_radiant:shader,mythical_magma:shader,mythical_glitch:shader,mythical_galaxy:shader,mythical_matrix:shader,mythical_firework:shader,mythical_holographic:shader
lileep	mythical_gilded:texture,mythical_metallic:texture,mythical_plasma:texture,mythical_shadow:texture,mythical_radiant:shader,mythical_magma:shader,mythical_glitch:shader,mythical_galaxy:shader,mythical_matrix:shader,mythical_firework:shader,mythical_holographic:shader
cradily	mythical_gilded:texture,mythical_metallic:texture,mythical_plasma:texture,mythical_shadow:texture,mythical_radiant:shader,mythical_magma:shader,mythical_glitch:shader,mythical_galaxy:shader,mythical_matrix:shader,mythical_firework:shader,mythical_holographic:shader
anorith	mythical_gilded:texture,mythical_shadow:texture,mythical_radiant:shader,mythical_magma:shader,mythical_glitch:shader,mythical_galaxy:shader,mythical_matrix:shader,mythical_firework:shader,mythical_holographic:shader
armaldo	mythical_gilded:texture,mythical_shadow:texture,mythical_radiant:shader,mythical_magma:shader,mythical_glitch:shader,mythical_galaxy:shader,mythical_matrix:shader,mythical_firework:shader,mythical_holographic:shader
duskull	mythical_ominous:texture,mythical_radiant:shader,mythical_magma:shader,mythical_glitch:shader,mythical_galaxy:shader,mythical_matrix:shader,mythical_firework:shader,mythical_holographic:shader
dusclops	mythical_ominous:texture,mythical_radiant:shader,mythical_magma:shader,mythical_glitch:shader,mythical_galaxy:shader,mythical_matrix:shader,mythical_firework:shader,mythical_holographic:shader
tropius	mythical_twilight:texture,mythical_radiant:shader,mythical_magma:shader,mythical_glitch:shader,mythical_galaxy:shader,mythical_matrix:shader,mythical_firework:shader,mythical_holographic:shader
chimecho	mythical_radiant:shader,mythical_magma:shader,mythical_glitch:shader,mythical_galaxy:shader,mythical_matrix:shader,mythical_firework:shader,mythical_holographic:shader
clamperl	mythical_radiant:shader,mythical_magma:shader,mythical_glitch:shader,mythical_galaxy:shader,mythical_matrix:shader,mythical_firework:shader,mythical_holographic:shader
huntail	mythical_radiant:shader,mythical_magma:shader,mythical_glitch:shader,mythical_galaxy:shader,mythical_matrix:shader,mythical_firework:shader,mythical_holographic:shader
gorebyss	mythical_radiant:shader,mythical_magma:shader,mythical_glitch:shader,mythical_galaxy:shader,mythical_matrix:shader,mythical_firework:shader,mythical_holographic:shader
relicanth	mythical_shadow:texture,mythical_radiant:shader,mythical_magma:shader,mythical_glitch:shader,mythical_galaxy:shader,mythical_matrix:shader,mythical_firework:shader,mythical_holographic:shader
luvdisc	mythical_radiant:shader,mythical_magma:shader,mythical_glitch:shader,mythical_galaxy:shader,mythical_matrix:shader,mythical_firework:shader,mythical_holographic:shader
beldum	mythical_blazing:texture,mythical_gilded:texture,mythical_independence_day:texture,mythical_metallic:texture,mythical_rainbow:texture,mythical_radiant:shader,mythical_magma:shader,mythical_glitch:shader,mythical_galaxy:shader,mythical_matrix:shader,mythical_firework:shader,mythical_holographic:shader
metang	mythical_blazing:texture,mythical_gilded:texture,mythical_independence_day:texture,mythical_metallic:texture,mythical_rainbow:texture,mythical_radiant:shader,mythical_magma:shader,mythical_glitch:shader,mythical_galaxy:shader,mythical_matrix:shader,mythical_firework:shader,mythical_holographic:shader
metagross	mythical_blazing:texture,mythical_gilded:texture,mythical_independence_day:texture,mythical_metallic:texture,mythical_rainbow:texture,mythical_radiant:shader,mythical_magma:shader,mythical_glitch:shader,mythical_galaxy:shader,mythical_matrix:shader,mythical_firework:shader,mythical_holographic:shader
rayquaza	mythical_radiant:shader,mythical_magma:shader,mythical_glitch:shader,mythical_galaxy:shader,mythical_matrix:shader,mythical_firework:shader,mythical_holographic:shader
turtwig	mythical_gilded:texture,mythical_rainbow:texture,mythical_sakura:texture,mythical_radiant:shader,mythical_magma:shader,mythical_glitch:shader,mythical_galaxy:shader,mythical_matrix:shader,mythical_firework:shader,mythical_holographic:shader
grotle	mythical_gilded:texture,mythical_rainbow:texture,mythical_sakura:texture,mythical_radiant:shader,mythical_magma:shader,mythical_glitch:shader,mythical_galaxy:shader,mythical_matrix:shader,mythical_firework:shader,mythical_holographic:shader
torterra	mythical_gilded:texture,mythical_rainbow:texture,mythical_sakura:texture,mythical_radiant:shader,mythical_magma:shader,mythical_glitch:shader,mythical_galaxy:shader,mythical_matrix:shader,mythical_firework:shader,mythical_holographic:shader
chimchar	mythical_gilded:texture,mythical_rainbow:texture,mythical_radiant:shader,mythical_magma:shader,mythical_glitch:shader,mythical_galaxy:shader,mythical_matrix:shader,mythical_firework:shader,mythical_holographic:shader
monferno	mythical_gilded:texture,mythical_rainbow:texture,mythical_radiant:shader,mythical_magma:shader,mythical_glitch:shader,mythical_galaxy:shader,mythical_matrix:shader,mythical_firework:shader,mythical_holographic:shader
infernape	mythical_gilded:texture,mythical_rainbow:texture,mythical_radiant:shader,mythical_magma:shader,mythical_glitch:shader,mythical_galaxy:shader,mythical_matrix:shader,mythical_firework:shader,mythical_holographic:shader
piplup	mythical_gilded:texture,mythical_rainbow:texture,mythical_radiant:shader,mythical_magma:shader,mythical_glitch:shader,mythical_galaxy:shader,mythical_matrix:shader,mythical_firework:shader,mythical_holographic:shader
prinplup	mythical_rainbow:texture,mythical_radiant:shader,mythical_magma:shader,mythical_glitch:shader,mythical_galaxy:shader,mythical_matrix:shader,mythical_firework:shader,mythical_holographic:shader
empoleon	mythical_rainbow:texture,mythical_radiant:shader,mythical_magma:shader,mythical_glitch:shader,mythical_galaxy:shader,mythical_matrix:shader,mythical_firework:shader,mythical_holographic:shader
starly	mythical_jungle:texture,mythical_sakura:texture,mythical_shadow:texture,mythical_radiant:shader,mythical_magma:shader,mythical_glitch:shader,mythical_galaxy:shader,mythical_matrix:shader,mythical_firework:shader,mythical_holographic:shader
staravia	mythical_jungle:texture,mythical_sakura:texture,mythical_shadow:texture,mythical_radiant:shader,mythical_magma:shader,mythical_glitch:shader,mythical_galaxy:shader,mythical_matrix:shader,mythical_firework:shader,mythical_holographic:shader
staraptor	mythical_jungle:texture,mythical_sakura:texture,mythical_shadow:texture,mythical_radiant:shader,mythical_magma:shader,mythical_glitch:shader,mythical_galaxy:shader,mythical_matrix:shader,mythical_firework:shader,mythical_holographic:shader
bidoof	mythical_gilded:texture,mythical_ominous:texture,mythical_radiant:shader,mythical_magma:shader,mythical_glitch:shader,mythical_galaxy:shader,mythical_matrix:shader,mythical_firework:shader,mythical_holographic:shader
bibarel	mythical_gilded:texture,mythical_ominous:texture,mythical_radiant:shader,mythical_magma:shader,mythical_glitch:shader,mythical_galaxy:shader,mythical_matrix:shader,mythical_firework:shader,mythical_holographic:shader
kricketot	mythical_radiant:shader,mythical_magma:shader,mythical_glitch:shader,mythical_galaxy:shader,mythical_matrix:shader,mythical_firework:shader,mythical_holographic:shader
kricketune	mythical_radiant:shader,mythical_magma:shader,mythical_glitch:shader,mythical_galaxy:shader,mythical_matrix:shader,mythical_firework:shader,mythical_holographic:shader
shinx	mythical_radioactive:texture,mythical_shadow:texture,mythical_radiant:shader,mythical_magma:shader,mythical_glitch:shader,mythical_galaxy:shader,mythical_matrix:shader,mythical_firework:shader,mythical_holographic:shader
luxio	mythical_radioactive:texture,mythical_shadow:texture,mythical_radiant:shader,mythical_magma:shader,mythical_glitch:shader,mythical_galaxy:shader,mythical_matrix:shader,mythical_firework:shader,mythical_holographic:shader
luxray	mythical_frosted:texture,mythical_radioactive:texture,mythical_sakura:texture,mythical_shadow:texture,mythical_radiant:shader,mythical_magma:shader,mythical_glitch:shader,mythical_galaxy:shader,mythical_matrix:shader,mythical_firework:shader,mythical_holographic:shader
budew	mythical_radiant:shader,mythical_magma:shader,mythical_glitch:shader,mythical_galaxy:shader,mythical_matrix:shader,mythical_firework:shader,mythical_holographic:shader
roserade	mythical_radiant:shader,mythical_magma:shader,mythical_glitch:shader,mythical_galaxy:shader,mythical_matrix:shader,mythical_firework:shader,mythical_holographic:shader
cranidos	mythical_radiant:shader,mythical_magma:shader,mythical_glitch:shader,mythical_galaxy:shader,mythical_matrix:shader,mythical_firework:shader,mythical_holographic:shader
rampardos	mythical_metallic:texture,mythical_shadow:texture,mythical_radiant:shader,mythical_magma:shader,mythical_glitch:shader,mythical_galaxy:shader,mythical_matrix:shader,mythical_firework:shader,mythical_holographic:shader
shieldon	mythical_shadow:texture,mythical_radiant:shader,mythical_magma:shader,mythical_glitch:shader,mythical_galaxy:shader,mythical_matrix:shader,mythical_firework:shader,mythical_holographic:shader
bastiodon	mythical_shadow:texture,mythical_radiant:shader,mythical_magma:shader,mythical_glitch:shader,mythical_galaxy:shader,mythical_matrix:shader,mythical_firework:shader,mythical_holographic:shader
combee	mythical_radiant:shader,mythical_magma:shader,mythical_glitch:shader,mythical_galaxy:shader,mythical_matrix:shader,mythical_firework:shader,mythical_holographic:shader
vespiquen	mythical_smp_v2:texture,mythical_radiant:shader,mythical_magma:shader,mythical_glitch:shader,mythical_galaxy:shader,mythical_matrix:shader,mythical_firework:shader,mythical_holographic:shader
pachirisu	mythical_sakura:texture,mythical_radiant:shader,mythical_magma:shader,mythical_glitch:shader,mythical_galaxy:shader,mythical_matrix:shader,mythical_firework:shader,mythical_holographic:shader
buizel	mythical_radiant:shader,mythical_magma:shader,mythical_glitch:shader,mythical_galaxy:shader,mythical_matrix:shader,mythical_firework:shader,mythical_holographic:shader
floatzel	mythical_radiant:shader,mythical_magma:shader,mythical_glitch:shader,mythical_galaxy:shader,mythical_matrix:shader,mythical_firework:shader,mythical_holographic:shader
ambipom	mythical_radiant:shader,mythical_magma:shader,mythical_glitch:shader,mythical_galaxy:shader,mythical_matrix:shader,mythical_firework:shader,mythical_holographic:shader
drifloon	mythical_radiant:shader,mythical_magma:shader,mythical_glitch:shader,mythical_galaxy:shader,mythical_matrix:shader,mythical_firework:shader,mythical_holographic:shader
drifblim	mythical_radiant:shader,mythical_magma:shader,mythical_glitch:shader,mythical_galaxy:shader,mythical_matrix:shader,mythical_firework:shader,mythical_holographic:shader
buneary	mythical_easter:texture,mythical_frosted:texture,mythical_gilded:texture,mythical_marine:texture,mythical_twilight:texture,mythical_valentines:texture,mythical_radiant:shader,mythical_magma:shader,mythical_glitch:shader,mythical_galaxy:shader,mythical_matrix:shader,mythical_firework:shader,mythical_holographic:shader
lopunny	mythical_easter:texture,mythical_frosted:texture,mythical_gilded:texture,mythical_marine:texture,mythical_twilight:texture,mythical_valentines:texture,mythical_radiant:shader,mythical_magma:shader,mythical_glitch:shader,mythical_galaxy:shader,mythical_matrix:shader,mythical_firework:shader,mythical_holographic:shader
mismagius	mythical_gilded:texture,mythical_ominous:texture,mythical_radiant:shader,mythical_magma:shader,mythical_glitch:shader,mythical_galaxy:shader,mythical_matrix:shader,mythical_firework:shader,mythical_holographic:shader
honchkrow	mythical_error:texture,mythical_gilded:texture,mythical_shadow:texture,mythical_radiant:shader,mythical_magma:shader,mythical_glitch:shader,mythical_galaxy:shader,mythical_matrix:shader,mythical_firework:shader,mythical_holographic:shader
chingling	mythical_radiant:shader,mythical_magma:shader,mythical_glitch:shader,mythical_galaxy:shader,mythical_matrix:shader,mythical_firework:shader,mythical_holographic:shader
bonsly	mythical_gingerbread:texture,mythical_sakura:texture,mythical_radiant:shader,mythical_magma:shader,mythical_glitch:shader,mythical_galaxy:shader,mythical_matrix:shader,mythical_firework:shader,mythical_holographic:shader
mimejr	mythical_gilded:texture,mythical_radiant:shader,mythical_magma:shader,mythical_glitch:shader,mythical_galaxy:shader,mythical_matrix:shader,mythical_firework:shader,mythical_holographic:shader
happiny	mythical_radiant:shader,mythical_magma:shader,mythical_glitch:shader,mythical_galaxy:shader,mythical_matrix:shader,mythical_firework:shader,mythical_holographic:shader
chatot	mythical_radiant:shader,mythical_magma:shader,mythical_glitch:shader,mythical_galaxy:shader,mythical_matrix:shader,mythical_firework:shader,mythical_holographic:shader
spiritomb	mythical_easter:texture,mythical_marine:texture,mythical_ominous:texture,mythical_tropical:texture,mythical_radiant:shader,mythical_magma:shader,mythical_glitch:shader,mythical_galaxy:shader,mythical_matrix:shader,mythical_firework:shader,mythical_holographic:shader
gible	mythical_blazing:texture,mythical_gilded:texture,mythical_marine:texture,mythical_metallic:texture,mythical_pixie:texture,mythical_radiant:shader,mythical_magma:shader,mythical_glitch:shader,mythical_galaxy:shader,mythical_matrix:shader,mythical_firework:shader,mythical_holographic:shader
gabite	mythical_blazing:texture,mythical_gilded:texture,mythical_marine:texture,mythical_metallic:texture,mythical_pixie:texture,mythical_radiant:shader,mythical_magma:shader,mythical_glitch:shader,mythical_galaxy:shader,mythical_matrix:shader,mythical_firework:shader,mythical_holographic:shader
garchomp	mythical_blazing:texture,mythical_gilded:texture,mythical_marine:texture,mythical_metallic:texture,mythical_pixie:texture,mythical_radiant:shader,mythical_magma:shader,mythical_glitch:shader,mythical_galaxy:shader,mythical_matrix:shader,mythical_firework:shader,mythical_holographic:shader
munchlax	mythical_gilded:texture,mythical_shadow:texture,mythical_radiant:shader,mythical_magma:shader,mythical_glitch:shader,mythical_galaxy:shader,mythical_matrix:shader,mythical_firework:shader,mythical_holographic:shader
riolu	mythical_blazing:texture,mythical_marine:texture,mythical_metallic:texture,mythical_twilight:texture,mythical_radiant:shader,mythical_magma:shader,mythical_glitch:shader,mythical_galaxy:shader,mythical_matrix:shader,mythical_firework:shader,mythical_holographic:shader
lucario	mythical_radiant:shader,mythical_magma:shader,mythical_glitch:shader,mythical_galaxy:shader,mythical_matrix:shader,mythical_firework:shader,mythical_holographic:shader
hippopotas	mythical_radiant:shader,mythical_magma:shader,mythical_glitch:shader,mythical_galaxy:shader,mythical_matrix:shader,mythical_firework:shader,mythical_holographic:shader
hippowdon	mythical_radiant:shader,mythical_magma:shader,mythical_glitch:shader,mythical_galaxy:shader,mythical_matrix:shader,mythical_firework:shader,mythical_holographic:shader
carnivine	mythical_shadow:texture,mythical_radiant:shader,mythical_magma:shader,mythical_glitch:shader,mythical_galaxy:shader,mythical_matrix:shader,mythical_firework:shader,mythical_holographic:shader
weavile	mythical_radiant:shader,mythical_magma:shader,mythical_glitch:shader,mythical_galaxy:shader,mythical_matrix:shader,mythical_firework:shader,mythical_holographic:shader
magnezone	mythical_gilded:texture,mythical_radioactive:texture,mythical_radiant:shader,mythical_magma:shader,mythical_glitch:shader,mythical_galaxy:shader,mythical_matrix:shader,mythical_firework:shader,mythical_holographic:shader
lickilicky	mythical_gilded:texture,mythical_radiant:shader,mythical_magma:shader,mythical_glitch:shader,mythical_galaxy:shader,mythical_matrix:shader,mythical_firework:shader,mythical_holographic:shader
rhyperior	mythical_radiant:shader,mythical_magma:shader,mythical_glitch:shader,mythical_galaxy:shader,mythical_matrix:shader,mythical_firework:shader,mythical_holographic:shader
tangrowth	mythical_gilded:texture,mythical_radiant:shader,mythical_magma:shader,mythical_glitch:shader,mythical_galaxy:shader,mythical_matrix:shader,mythical_firework:shader,mythical_holographic:shader
electivire	mythical_radiant:shader,mythical_magma:shader,mythical_glitch:shader,mythical_galaxy:shader,mythical_matrix:shader,mythical_firework:shader,mythical_holographic:shader
magmortar	mythical_radiant:shader,mythical_magma:shader,mythical_glitch:shader,mythical_galaxy:shader,mythical_matrix:shader,mythical_firework:shader,mythical_holographic:shader
yanmega	mythical_sakura:texture,mythical_radiant:shader,mythical_magma:shader,mythical_glitch:shader,mythical_galaxy:shader,mythical_matrix:shader,mythical_firework:shader,mythical_holographic:shader
leafeon	mythical_blazing:texture,mythical_error:texture,mythical_gilded:texture,mythical_radioactive:texture,mythical_shadow:texture,mythical_radiant:shader,mythical_magma:shader,mythical_glitch:shader,mythical_galaxy:shader,mythical_matrix:shader,mythical_firework:shader,mythical_holographic:shader
glaceon	mythical_blazing:texture,mythical_error:texture,mythical_gilded:texture,mythical_radioactive:texture,mythical_shadow:texture,mythical_radiant:shader,mythical_magma:shader,mythical_glitch:shader,mythical_galaxy:shader,mythical_matrix:shader,mythical_firework:shader,mythical_holographic:shader
gliscor	mythical_ominous:texture,mythical_radiant:shader,mythical_magma:shader,mythical_glitch:shader,mythical_galaxy:shader,mythical_matrix:shader,mythical_firework:shader,mythical_holographic:shader
mamoswine	mythical_radiant:shader,mythical_magma:shader,mythical_glitch:shader,mythical_galaxy:shader,mythical_matrix:shader,mythical_firework:shader,mythical_holographic:shader
porygonz	mythical_blazing:texture,mythical_gilded:texture,mythical_radiant:shader,mythical_magma:shader,mythical_glitch:shader,mythical_galaxy:shader,mythical_matrix:shader,mythical_firework:shader,mythical_holographic:shader
gallade	mythical_independence_day:texture,mythical_radioactive:texture,mythical_valentines:texture,mythical_radiant:shader,mythical_magma:shader,mythical_glitch:shader,mythical_galaxy:shader,mythical_matrix:shader,mythical_firework:shader,mythical_holographic:shader
probopass	mythical_radiant:shader,mythical_magma:shader,mythical_glitch:shader,mythical_galaxy:shader,mythical_matrix:shader,mythical_firework:shader,mythical_holographic:shader
dusknoir	mythical_radiant:shader,mythical_magma:shader,mythical_glitch:shader,mythical_galaxy:shader,mythical_matrix:shader,mythical_firework:shader,mythical_holographic:shader
snivy	mythical_rainbow:texture,mythical_radiant:shader,mythical_magma:shader,mythical_glitch:shader,mythical_galaxy:shader,mythical_matrix:shader,mythical_firework:shader,mythical_holographic:shader
servine	mythical_gilded:texture,mythical_metallic:texture,mythical_rainbow:texture,mythical_sakura:texture,mythical_radiant:shader,mythical_magma:shader,mythical_glitch:shader,mythical_galaxy:shader,mythical_matrix:shader,mythical_firework:shader,mythical_holographic:shader
serperior	mythical_gilded:texture,mythical_metallic:texture,mythical_rainbow:texture,mythical_sakura:texture,mythical_radiant:shader,mythical_magma:shader,mythical_glitch:shader,mythical_galaxy:shader,mythical_matrix:shader,mythical_firework:shader,mythical_holographic:shader
tepig	mythical_rainbow:texture,mythical_radiant:shader,mythical_magma:shader,mythical_glitch:shader,mythical_galaxy:shader,mythical_matrix:shader,mythical_firework:shader,mythical_holographic:shader
pignite	mythical_rainbow:texture,mythical_radiant:shader,mythical_magma:shader,mythical_glitch:shader,mythical_galaxy:shader,mythical_matrix:shader,mythical_firework:shader,mythical_holographic:shader
emboar	mythical_rainbow:texture,mythical_radiant:shader,mythical_magma:shader,mythical_glitch:shader,mythical_galaxy:shader,mythical_matrix:shader,mythical_firework:shader,mythical_holographic:shader
oshawott	mythical_gilded:texture,mythical_metallic:texture,mythical_rainbow:texture,mythical_radiant:shader,mythical_magma:shader,mythical_glitch:shader,mythical_galaxy:shader,mythical_matrix:shader,mythical_firework:shader,mythical_holographic:shader
dewott	mythical_gilded:texture,mythical_metallic:texture,mythical_rainbow:texture,mythical_radiant:shader,mythical_magma:shader,mythical_glitch:shader,mythical_galaxy:shader,mythical_matrix:shader,mythical_firework:shader,mythical_holographic:shader
samurott	mythical_gilded:texture,mythical_metallic:texture,mythical_rainbow:texture,mythical_radiant:shader,mythical_magma:shader,mythical_glitch:shader,mythical_galaxy:shader,mythical_matrix:shader,mythical_firework:shader,mythical_holographic:shader
patrat	mythical_radiant:shader,mythical_magma:shader,mythical_glitch:shader,mythical_galaxy:shader,mythical_matrix:shader,mythical_firework:shader,mythical_holographic:shader
watchog	mythical_radiant:shader,mythical_magma:shader,mythical_glitch:shader,mythical_galaxy:shader,mythical_matrix:shader,mythical_firework:shader,mythical_holographic:shader
lillipup	mythical_radiant:shader,mythical_magma:shader,mythical_glitch:shader,mythical_galaxy:shader,mythical_matrix:shader,mythical_firework:shader,mythical_holographic:shader
herdier	mythical_radiant:shader,mythical_magma:shader,mythical_glitch:shader,mythical_galaxy:shader,mythical_matrix:shader,mythical_firework:shader,mythical_holographic:shader
stoutland	mythical_radiant:shader,mythical_magma:shader,mythical_glitch:shader,mythical_galaxy:shader,mythical_matrix:shader,mythical_firework:shader,mythical_holographic:shader
pidove	mythical_radiant:shader,mythical_magma:shader,mythical_glitch:shader,mythical_galaxy:shader,mythical_matrix:shader,mythical_firework:shader,mythical_holographic:shader
tranquill	mythical_radiant:shader,mythical_magma:shader,mythical_glitch:shader,mythical_galaxy:shader,mythical_matrix:shader,mythical_firework:shader,mythical_holographic:shader
unfezant	mythical_radiant:shader,mythical_magma:shader,mythical_glitch:shader,mythical_galaxy:shader,mythical_matrix:shader,mythical_firework:shader,mythical_holographic:shader
roggenrola	mythical_radiant:shader,mythical_magma:shader,mythical_glitch:shader,mythical_galaxy:shader,mythical_matrix:shader,mythical_firework:shader,mythical_holographic:shader
boldore	mythical_radiant:shader,mythical_magma:shader,mythical_glitch:shader,mythical_galaxy:shader,mythical_matrix:shader,mythical_firework:shader,mythical_holographic:shader
gigalith	mythical_radiant:shader,mythical_magma:shader,mythical_glitch:shader,mythical_galaxy:shader,mythical_matrix:shader,mythical_firework:shader,mythical_holographic:shader
woobat	mythical_radiant:shader,mythical_magma:shader,mythical_glitch:shader,mythical_galaxy:shader,mythical_matrix:shader,mythical_firework:shader,mythical_holographic:shader
swoobat	mythical_radiant:shader,mythical_magma:shader,mythical_glitch:shader,mythical_galaxy:shader,mythical_matrix:shader,mythical_firework:shader,mythical_holographic:shader
timburr	mythical_radiant:shader,mythical_magma:shader,mythical_glitch:shader,mythical_galaxy:shader,mythical_matrix:shader,mythical_firework:shader,mythical_holographic:shader
gurdurr	mythical_radiant:shader,mythical_magma:shader,mythical_glitch:shader,mythical_galaxy:shader,mythical_matrix:shader,mythical_firework:shader,mythical_holographic:shader
conkeldurr	mythical_radiant:shader,mythical_magma:shader,mythical_glitch:shader,mythical_galaxy:shader,mythical_matrix:shader,mythical_firework:shader,mythical_holographic:shader
venipede	mythical_shadow:texture,mythical_radiant:shader,mythical_magma:shader,mythical_glitch:shader,mythical_galaxy:shader,mythical_matrix:shader,mythical_firework:shader,mythical_holographic:shader
whirlipede	mythical_shadow:texture,mythical_radiant:shader,mythical_magma:shader,mythical_glitch:shader,mythical_galaxy:shader,mythical_matrix:shader,mythical_firework:shader,mythical_holographic:shader
scolipede	mythical_shadow:texture,mythical_radiant:shader,mythical_magma:shader,mythical_glitch:shader,mythical_galaxy:shader,mythical_matrix:shader,mythical_firework:shader,mythical_holographic:shader
cottonee	mythical_sakura:texture,mythical_radiant:shader,mythical_magma:shader,mythical_glitch:shader,mythical_galaxy:shader,mythical_matrix:shader,mythical_firework:shader,mythical_holographic:shader
whimsicott	mythical_sakura:texture,mythical_radiant:shader,mythical_magma:shader,mythical_glitch:shader,mythical_galaxy:shader,mythical_matrix:shader,mythical_firework:shader,mythical_holographic:shader
petilil	mythical_radiant:shader,mythical_magma:shader,mythical_glitch:shader,mythical_galaxy:shader,mythical_matrix:shader,mythical_firework:shader,mythical_holographic:shader
lilligant	mythical_radiant:shader,mythical_magma:shader,mythical_glitch:shader,mythical_galaxy:shader,mythical_matrix:shader,mythical_firework:shader,mythical_holographic:shader
basculin	mythical_radiant:shader,mythical_magma:shader,mythical_glitch:shader,mythical_galaxy:shader,mythical_matrix:shader,mythical_firework:shader,mythical_holographic:shader
sandile	mythical_radiant:shader,mythical_magma:shader,mythical_glitch:shader,mythical_galaxy:shader,mythical_matrix:shader,mythical_firework:shader,mythical_holographic:shader
krokorok	mythical_radiant:shader,mythical_magma:shader,mythical_glitch:shader,mythical_galaxy:shader,mythical_matrix:shader,mythical_firework:shader,mythical_holographic:shader
krookodile	mythical_radiant:shader,mythical_magma:shader,mythical_glitch:shader,mythical_galaxy:shader,mythical_matrix:shader,mythical_firework:shader,mythical_holographic:shader
darumaka	mythical_radiant:shader,mythical_magma:shader,mythical_glitch:shader,mythical_galaxy:shader,mythical_matrix:shader,mythical_firework:shader,mythical_holographic:shader
darmanitan	mythical_radiant:shader,mythical_magma:shader,mythical_glitch:shader,mythical_galaxy:shader,mythical_matrix:shader,mythical_firework:shader,mythical_holographic:shader
maractus	mythical_shadow:texture,mythical_radiant:shader,mythical_magma:shader,mythical_glitch:shader,mythical_galaxy:shader,mythical_matrix:shader,mythical_firework:shader,mythical_holographic:shader
dwebble	mythical_radiant:shader,mythical_magma:shader,mythical_glitch:shader,mythical_galaxy:shader,mythical_matrix:shader,mythical_firework:shader,mythical_holographic:shader
crustle	mythical_radiant:shader,mythical_magma:shader,mythical_glitch:shader,mythical_galaxy:shader,mythical_matrix:shader,mythical_firework:shader,mythical_holographic:shader
sigilyph	mythical_shadow:texture,mythical_radiant:shader,mythical_magma:shader,mythical_glitch:shader,mythical_galaxy:shader,mythical_matrix:shader,mythical_firework:shader,mythical_holographic:shader
yamask	mythical_radiant:shader,mythical_magma:shader,mythical_glitch:shader,mythical_galaxy:shader,mythical_matrix:shader,mythical_firework:shader,mythical_holographic:shader
cofagrigus	mythical_radiant:shader,mythical_magma:shader,mythical_glitch:shader,mythical_galaxy:shader,mythical_matrix:shader,mythical_firework:shader,mythical_holographic:shader
tirtouga	mythical_gilded:texture,mythical_nebula:texture,mythical_radiant:shader,mythical_magma:shader,mythical_glitch:shader,mythical_galaxy:shader,mythical_matrix:shader,mythical_firework:shader,mythical_holographic:shader
carracosta	mythical_gilded:texture,mythical_nebula:texture,mythical_radiant:shader,mythical_magma:shader,mythical_glitch:shader,mythical_galaxy:shader,mythical_matrix:shader,mythical_firework:shader,mythical_holographic:shader
archen	mythical_frosted:texture,mythical_gilded:texture,mythical_jungle:texture,mythical_radiant:shader,mythical_magma:shader,mythical_glitch:shader,mythical_galaxy:shader,mythical_matrix:shader,mythical_firework:shader,mythical_holographic:shader
archeops	mythical_frosted:texture,mythical_gilded:texture,mythical_jungle:texture,mythical_radiant:shader,mythical_magma:shader,mythical_glitch:shader,mythical_galaxy:shader,mythical_matrix:shader,mythical_firework:shader,mythical_holographic:shader
zorua	mythical_frosted:texture,mythical_gilded:texture,mythical_ominous:texture,mythical_plasma:texture,mythical_sakura:texture,mythical_radiant:shader,mythical_magma:shader,mythical_glitch:shader,mythical_galaxy:shader,mythical_matrix:shader,mythical_firework:shader,mythical_holographic:shader
zoroark	mythical_radiant:shader,mythical_magma:shader,mythical_glitch:shader,mythical_galaxy:shader,mythical_matrix:shader,mythical_firework:shader,mythical_holographic:shader
deerling	mythical_gingerbread:texture,mythical_radiant:shader,mythical_magma:shader,mythical_glitch:shader,mythical_galaxy:shader,mythical_matrix:shader,mythical_firework:shader,mythical_holographic:shader
sawsbuck	mythical_radiant:shader,mythical_magma:shader,mythical_glitch:shader,mythical_galaxy:shader,mythical_matrix:shader,mythical_firework:shader,mythical_holographic:shader
emolga	mythical_shadow:texture,mythical_radiant:shader,mythical_magma:shader,mythical_glitch:shader,mythical_galaxy:shader,mythical_matrix:shader,mythical_firework:shader,mythical_holographic:shader
frillish	mythical_radiant:shader,mythical_magma:shader,mythical_glitch:shader,mythical_galaxy:shader,mythical_matrix:shader,mythical_firework:shader,mythical_holographic:shader
jellicent	mythical_radiant:shader,mythical_magma:shader,mythical_glitch:shader,mythical_galaxy:shader,mythical_matrix:shader,mythical_firework:shader,mythical_holographic:shader
alomomola	mythical_radiant:shader,mythical_magma:shader,mythical_glitch:shader,mythical_galaxy:shader,mythical_matrix:shader,mythical_firework:shader,mythical_holographic:shader
joltik	mythical_shadow:texture,mythical_radiant:shader,mythical_magma:shader,mythical_glitch:shader,mythical_galaxy:shader,mythical_matrix:shader,mythical_firework:shader,mythical_holographic:shader
galvantula	mythical_pixie:texture,mythical_shadow:texture,mythical_twilight:texture,mythical_radiant:shader,mythical_magma:shader,mythical_glitch:shader,mythical_galaxy:shader,mythical_matrix:shader,mythical_firework:shader,mythical_holographic:shader
ferroseed	mythical_gilded:texture,mythical_marine:texture,mythical_radiant:shader,mythical_magma:shader,mythical_glitch:shader,mythical_galaxy:shader,mythical_matrix:shader,mythical_firework:shader,mythical_holographic:shader
ferrothorn	mythical_gilded:texture,mythical_marine:texture,mythical_radiant:shader,mythical_magma:shader,mythical_glitch:shader,mythical_galaxy:shader,mythical_matrix:shader,mythical_firework:shader,mythical_holographic:shader
klink	mythical_frosted:texture,mythical_radiant:shader,mythical_magma:shader,mythical_glitch:shader,mythical_galaxy:shader,mythical_matrix:shader,mythical_firework:shader,mythical_holographic:shader
klang	mythical_frosted:texture,mythical_radiant:shader,mythical_magma:shader,mythical_glitch:shader,mythical_galaxy:shader,mythical_matrix:shader,mythical_firework:shader,mythical_holographic:shader
klinklang	mythical_radiant:shader,mythical_magma:shader,mythical_glitch:shader,mythical_galaxy:shader,mythical_matrix:shader,mythical_firework:shader,mythical_holographic:shader
elgyem	mythical_radiant:shader,mythical_magma:shader,mythical_glitch:shader,mythical_galaxy:shader,mythical_matrix:shader,mythical_firework:shader,mythical_holographic:shader
beheeyem	mythical_radiant:shader,mythical_magma:shader,mythical_glitch:shader,mythical_galaxy:shader,mythical_matrix:shader,mythical_firework:shader,mythical_holographic:shader
litwick	mythical_radiant:shader,mythical_magma:shader,mythical_glitch:shader,mythical_galaxy:shader,mythical_matrix:shader,mythical_firework:shader,mythical_holographic:shader
lampent	mythical_radiant:shader,mythical_magma:shader,mythical_glitch:shader,mythical_galaxy:shader,mythical_matrix:shader,mythical_firework:shader,mythical_holographic:shader
chandelure	mythical_radiant:shader,mythical_magma:shader,mythical_glitch:shader,mythical_galaxy:shader,mythical_matrix:shader,mythical_firework:shader,mythical_holographic:shader
cubchoo	mythical_radiant:shader,mythical_magma:shader,mythical_glitch:shader,mythical_galaxy:shader,mythical_matrix:shader,mythical_firework:shader,mythical_holographic:shader
beartic	mythical_radiant:shader,mythical_magma:shader,mythical_glitch:shader,mythical_galaxy:shader,mythical_matrix:shader,mythical_firework:shader,mythical_holographic:shader
cryogonal	mythical_gingerbread:texture,mythical_radiant:shader,mythical_magma:shader,mythical_glitch:shader,mythical_galaxy:shader,mythical_matrix:shader,mythical_firework:shader,mythical_holographic:shader
golett	mythical_shadow:texture,mythical_radiant:shader,mythical_magma:shader,mythical_glitch:shader,mythical_galaxy:shader,mythical_matrix:shader,mythical_firework:shader,mythical_holographic:shader
golurk	mythical_shadow:texture,mythical_radiant:shader,mythical_magma:shader,mythical_glitch:shader,mythical_galaxy:shader,mythical_matrix:shader,mythical_firework:shader,mythical_holographic:shader
bouffalant	mythical_radiant:shader,mythical_magma:shader,mythical_glitch:shader,mythical_galaxy:shader,mythical_matrix:shader,mythical_firework:shader,mythical_holographic:shader
heatmor	mythical_radiant:shader,mythical_magma:shader,mythical_glitch:shader,mythical_galaxy:shader,mythical_matrix:shader,mythical_firework:shader,mythical_holographic:shader
durant	mythical_radiant:shader,mythical_magma:shader,mythical_glitch:shader,mythical_galaxy:shader,mythical_matrix:shader,mythical_firework:shader,mythical_holographic:shader
deino	mythical_gilded:texture,mythical_nebula:texture,mythical_ominous:texture,mythical_pixie:texture,mythical_sakura:texture,mythical_radiant:shader,mythical_magma:shader,mythical_glitch:shader,mythical_galaxy:shader,mythical_matrix:shader,mythical_firework:shader,mythical_holographic:shader
zweilous	mythical_gilded:texture,mythical_nebula:texture,mythical_ominous:texture,mythical_pixie:texture,mythical_sakura:texture,mythical_radiant:shader,mythical_magma:shader,mythical_glitch:shader,mythical_galaxy:shader,mythical_matrix:shader,mythical_firework:shader,mythical_holographic:shader
hydreigon	mythical_radiant:shader,mythical_magma:shader,mythical_glitch:shader,mythical_galaxy:shader,mythical_matrix:shader,mythical_firework:shader,mythical_holographic:shader
larvesta	mythical_jungle:texture,mythical_marine:texture,mythical_ominous:texture,mythical_radiant:shader,mythical_magma:shader,mythical_glitch:shader,mythical_galaxy:shader,mythical_matrix:shader,mythical_firework:shader,mythical_holographic:shader
volcarona	mythical_jungle:texture,mythical_marine:texture,mythical_ominous:texture,mythical_radiant:shader,mythical_magma:shader,mythical_glitch:shader,mythical_galaxy:shader,mythical_matrix:shader,mythical_firework:shader,mythical_holographic:shader
chespin	mythical_gilded:texture,mythical_radiant:shader,mythical_magma:shader,mythical_glitch:shader,mythical_galaxy:shader,mythical_matrix:shader,mythical_firework:shader,mythical_holographic:shader
quilladin	mythical_gilded:texture,mythical_radiant:shader,mythical_magma:shader,mythical_glitch:shader,mythical_galaxy:shader,mythical_matrix:shader,mythical_firework:shader,mythical_holographic:shader
chesnaught	mythical_gilded:texture,mythical_radiant:shader,mythical_magma:shader,mythical_glitch:shader,mythical_galaxy:shader,mythical_matrix:shader,mythical_firework:shader,mythical_holographic:shader
fennekin	mythical_radiant:shader,mythical_magma:shader,mythical_glitch:shader,mythical_galaxy:shader,mythical_matrix:shader,mythical_firework:shader,mythical_holographic:shader
braixen	mythical_radiant:shader,mythical_magma:shader,mythical_glitch:shader,mythical_galaxy:shader,mythical_matrix:shader,mythical_firework:shader,mythical_holographic:shader
delphox	mythical_radiant:shader,mythical_magma:shader,mythical_glitch:shader,mythical_galaxy:shader,mythical_matrix:shader,mythical_firework:shader,mythical_holographic:shader
froakie	mythical_frosted:texture,mythical_twilight:texture,mythical_radiant:shader,mythical_magma:shader,mythical_glitch:shader,mythical_galaxy:shader,mythical_matrix:shader,mythical_firework:shader,mythical_holographic:shader
frogadier	mythical_blazing:texture,mythical_frosted:texture,mythical_gilded:texture,mythical_twilight:texture,mythical_radiant:shader,mythical_magma:shader,mythical_glitch:shader,mythical_galaxy:shader,mythical_matrix:shader,mythical_firework:shader,mythical_holographic:shader
greninja	mythical_blazing:texture,mythical_frosted:texture,mythical_gilded:texture,mythical_twilight:texture,mythical_radiant:shader,mythical_magma:shader,mythical_glitch:shader,mythical_galaxy:shader,mythical_matrix:shader,mythical_firework:shader,mythical_holographic:shader
bunnelby	mythical_radiant:shader,mythical_magma:shader,mythical_glitch:shader,mythical_galaxy:shader,mythical_matrix:shader,mythical_firework:shader,mythical_holographic:shader
diggersby	mythical_radiant:shader,mythical_magma:shader,mythical_glitch:shader,mythical_galaxy:shader,mythical_matrix:shader,mythical_firework:shader,mythical_holographic:shader
fletchling	mythical_jungle:texture,mythical_shadow:texture,mythical_radiant:shader,mythical_magma:shader,mythical_glitch:shader,mythical_galaxy:shader,mythical_matrix:shader,mythical_firework:shader,mythical_holographic:shader
fletchinder	mythical_jungle:texture,mythical_nebula:texture,mythical_shadow:texture,mythical_radiant:shader,mythical_magma:shader,mythical_glitch:shader,mythical_galaxy:shader,mythical_matrix:shader,mythical_firework:shader,mythical_holographic:shader
talonflame	mythical_jungle:texture,mythical_nebula:texture,mythical_shadow:texture,mythical_radiant:shader,mythical_magma:shader,mythical_glitch:shader,mythical_galaxy:shader,mythical_matrix:shader,mythical_firework:shader,mythical_holographic:shader
scatterbug	mythical_radiant:shader,mythical_magma:shader,mythical_glitch:shader,mythical_galaxy:shader,mythical_matrix:shader,mythical_firework:shader,mythical_holographic:shader
spewpa	mythical_radiant:shader,mythical_magma:shader,mythical_glitch:shader,mythical_galaxy:shader,mythical_matrix:shader,mythical_firework:shader,mythical_holographic:shader
vivillon	mythical_radiant:shader,mythical_magma:shader,mythical_glitch:shader,mythical_galaxy:shader,mythical_matrix:shader,mythical_firework:shader,mythical_holographic:shader
flabebe	mythical_radiant:shader,mythical_magma:shader,mythical_glitch:shader,mythical_galaxy:shader,mythical_matrix:shader,mythical_firework:shader,mythical_holographic:shader
floette	mythical_radiant:shader,mythical_magma:shader,mythical_glitch:shader,mythical_galaxy:shader,mythical_matrix:shader,mythical_firework:shader,mythical_holographic:shader
florges	mythical_radiant:shader,mythical_magma:shader,mythical_glitch:shader,mythical_galaxy:shader,mythical_matrix:shader,mythical_firework:shader,mythical_holographic:shader
honedge	mythical_radiant:shader,mythical_magma:shader,mythical_glitch:shader,mythical_galaxy:shader,mythical_matrix:shader,mythical_firework:shader,mythical_holographic:shader
doublade	mythical_radiant:shader,mythical_magma:shader,mythical_glitch:shader,mythical_galaxy:shader,mythical_matrix:shader,mythical_firework:shader,mythical_holographic:shader
aegislash	mythical_radiant:shader,mythical_magma:shader,mythical_glitch:shader,mythical_galaxy:shader,mythical_matrix:shader,mythical_firework:shader,mythical_holographic:shader
skrelp	mythical_sakura:texture,mythical_shadow:texture,mythical_radiant:shader,mythical_magma:shader,mythical_glitch:shader,mythical_galaxy:shader,mythical_matrix:shader,mythical_firework:shader,mythical_holographic:shader
dragalge	mythical_sakura:texture,mythical_shadow:texture,mythical_radiant:shader,mythical_magma:shader,mythical_glitch:shader,mythical_galaxy:shader,mythical_matrix:shader,mythical_firework:shader,mythical_holographic:shader
tyrunt	mythical_frosted:texture,mythical_gilded:texture,mythical_jungle:texture,mythical_pixie:texture,mythical_radiant:shader,mythical_magma:shader,mythical_glitch:shader,mythical_galaxy:shader,mythical_matrix:shader,mythical_firework:shader,mythical_holographic:shader
tyrantrum	mythical_frosted:texture,mythical_gilded:texture,mythical_jungle:texture,mythical_pixie:texture,mythical_radiant:shader,mythical_magma:shader,mythical_glitch:shader,mythical_galaxy:shader,mythical_matrix:shader,mythical_firework:shader,mythical_holographic:shader
amaura	mythical_gilded:texture,mythical_nebula:texture,mythical_radiant:shader,mythical_magma:shader,mythical_glitch:shader,mythical_galaxy:shader,mythical_matrix:shader,mythical_firework:shader,mythical_holographic:shader
aurorus	mythical_gilded:texture,mythical_nebula:texture,mythical_radiant:shader,mythical_magma:shader,mythical_glitch:shader,mythical_galaxy:shader,mythical_matrix:shader,mythical_firework:shader,mythical_holographic:shader
sylveon	mythical_blazing:texture,mythical_error:texture,mythical_gilded:texture,mythical_radioactive:texture,mythical_shadow:texture,mythical_radiant:shader,mythical_magma:shader,mythical_glitch:shader,mythical_galaxy:shader,mythical_matrix:shader,mythical_firework:shader,mythical_holographic:shader
carbink	mythical_radiant:shader,mythical_magma:shader,mythical_glitch:shader,mythical_galaxy:shader,mythical_matrix:shader,mythical_firework:shader,mythical_holographic:shader
goomy	mythical_frosted:texture,mythical_jungle:texture,mythical_marine:texture,mythical_metallic:texture,mythical_radiant:shader,mythical_magma:shader,mythical_glitch:shader,mythical_galaxy:shader,mythical_matrix:shader,mythical_firework:shader,mythical_holographic:shader
sliggoo	mythical_frosted:texture,mythical_jungle:texture,mythical_marine:texture,mythical_metallic:texture,mythical_radiant:shader,mythical_magma:shader,mythical_glitch:shader,mythical_galaxy:shader,mythical_matrix:shader,mythical_firework:shader,mythical_holographic:shader
goodra	mythical_frosted:texture,mythical_jungle:texture,mythical_marine:texture,mythical_metallic:texture,mythical_radiant:shader,mythical_magma:shader,mythical_glitch:shader,mythical_galaxy:shader,mythical_matrix:shader,mythical_firework:shader,mythical_holographic:shader
klefki	mythical_radiant:shader,mythical_magma:shader,mythical_glitch:shader,mythical_galaxy:shader,mythical_matrix:shader,mythical_firework:shader,mythical_holographic:shader
phantump	mythical_sakura:texture,mythical_shadow:texture,mythical_radiant:shader,mythical_magma:shader,mythical_glitch:shader,mythical_galaxy:shader,mythical_matrix:shader,mythical_firework:shader,mythical_holographic:shader
trevenant	mythical_sakura:texture,mythical_shadow:texture,mythical_radiant:shader,mythical_magma:shader,mythical_glitch:shader,mythical_galaxy:shader,mythical_matrix:shader,mythical_firework:shader,mythical_holographic:shader
pumpkaboo	mythical_radiant:shader,mythical_magma:shader,mythical_glitch:shader,mythical_galaxy:shader,mythical_matrix:shader,mythical_firework:shader,mythical_holographic:shader
gourgeist	mythical_radiant:shader,mythical_magma:shader,mythical_glitch:shader,mythical_galaxy:shader,mythical_matrix:shader,mythical_firework:shader,mythical_holographic:shader
bergmite	mythical_radiant:shader,mythical_magma:shader,mythical_glitch:shader,mythical_galaxy:shader,mythical_matrix:shader,mythical_firework:shader,mythical_holographic:shader
avalugg	mythical_radiant:shader,mythical_magma:shader,mythical_glitch:shader,mythical_galaxy:shader,mythical_matrix:shader,mythical_firework:shader,mythical_holographic:shader
xerneas	mythical_blazing:texture,mythical_jungle:texture,mythical_pixie:texture,mythical_rainbow:texture,mythical_shadow:texture,mythical_radiant:shader,mythical_magma:shader,mythical_glitch:shader,mythical_galaxy:shader,mythical_matrix:shader,mythical_firework:shader,mythical_holographic:shader
rowlet	mythical_gilded:texture,mythical_rainbow:texture,mythical_sakura:texture,mythical_radiant:shader,mythical_magma:shader,mythical_glitch:shader,mythical_galaxy:shader,mythical_matrix:shader,mythical_firework:shader,mythical_holographic:shader
dartrix	mythical_gilded:texture,mythical_rainbow:texture,mythical_sakura:texture,mythical_radiant:shader,mythical_magma:shader,mythical_glitch:shader,mythical_galaxy:shader,mythical_matrix:shader,mythical_firework:shader,mythical_holographic:shader
decidueye	mythical_gilded:texture,mythical_rainbow:texture,mythical_sakura:texture,mythical_radiant:shader,mythical_magma:shader,mythical_glitch:shader,mythical_galaxy:shader,mythical_matrix:shader,mythical_firework:shader,mythical_holographic:shader
litten	mythical_gilded:texture,mythical_rainbow:texture,mythical_valentines:texture,mythical_radiant:shader,mythical_magma:shader,mythical_glitch:shader,mythical_galaxy:shader,mythical_matrix:shader,mythical_firework:shader,mythical_holographic:shader
torracat	mythical_gilded:texture,mythical_rainbow:texture,mythical_valentines:texture,mythical_radiant:shader,mythical_magma:shader,mythical_glitch:shader,mythical_galaxy:shader,mythical_matrix:shader,mythical_firework:shader,mythical_holographic:shader
incineroar	mythical_gilded:texture,mythical_rainbow:texture,mythical_valentines:texture,mythical_radiant:shader,mythical_magma:shader,mythical_glitch:shader,mythical_galaxy:shader,mythical_matrix:shader,mythical_firework:shader,mythical_holographic:shader
popplio	mythical_gilded:texture,mythical_rainbow:texture,mythical_radiant:shader,mythical_magma:shader,mythical_glitch:shader,mythical_galaxy:shader,mythical_matrix:shader,mythical_firework:shader,mythical_holographic:shader
brionne	mythical_gilded:texture,mythical_rainbow:texture,mythical_valentines:texture,mythical_radiant:shader,mythical_magma:shader,mythical_glitch:shader,mythical_galaxy:shader,mythical_matrix:shader,mythical_firework:shader,mythical_holographic:shader
primarina	mythical_gilded:texture,mythical_rainbow:texture,mythical_valentines:texture,mythical_radiant:shader,mythical_magma:shader,mythical_glitch:shader,mythical_galaxy:shader,mythical_matrix:shader,mythical_firework:shader,mythical_holographic:shader
crabrawler	mythical_radiant:shader,mythical_magma:shader,mythical_glitch:shader,mythical_galaxy:shader,mythical_matrix:shader,mythical_firework:shader,mythical_holographic:shader
crabominable	mythical_radiant:shader,mythical_magma:shader,mythical_glitch:shader,mythical_galaxy:shader,mythical_matrix:shader,mythical_firework:shader,mythical_holographic:shader
cutiefly	mythical_radiant:shader,mythical_magma:shader,mythical_glitch:shader,mythical_galaxy:shader,mythical_matrix:shader,mythical_firework:shader,mythical_holographic:shader
ribombee	mythical_radiant:shader,mythical_magma:shader,mythical_glitch:shader,mythical_galaxy:shader,mythical_matrix:shader,mythical_firework:shader,mythical_holographic:shader
wishiwashi	mythical_radiant:shader,mythical_magma:shader,mythical_glitch:shader,mythical_galaxy:shader,mythical_matrix:shader,mythical_firework:shader,mythical_holographic:shader
mudbray	mythical_pixie:texture,mythical_radioactive:texture,mythical_radiant:shader,mythical_magma:shader,mythical_glitch:shader,mythical_galaxy:shader,mythical_matrix:shader,mythical_firework:shader,mythical_holographic:shader
mudsdale	mythical_pixie:texture,mythical_radioactive:texture,mythical_radiant:shader,mythical_magma:shader,mythical_glitch:shader,mythical_galaxy:shader,mythical_matrix:shader,mythical_firework:shader,mythical_holographic:shader
fomantis	mythical_radiant:shader,mythical_magma:shader,mythical_glitch:shader,mythical_galaxy:shader,mythical_matrix:shader,mythical_firework:shader,mythical_holographic:shader
lurantis	mythical_radiant:shader,mythical_magma:shader,mythical_glitch:shader,mythical_galaxy:shader,mythical_matrix:shader,mythical_firework:shader,mythical_holographic:shader
morelull	mythical_radiant:shader,mythical_magma:shader,mythical_glitch:shader,mythical_galaxy:shader,mythical_matrix:shader,mythical_firework:shader,mythical_holographic:shader
shiinotic	mythical_radiant:shader,mythical_magma:shader,mythical_glitch:shader,mythical_galaxy:shader,mythical_matrix:shader,mythical_firework:shader,mythical_holographic:shader
salandit	mythical_nebula:texture,mythical_sakura:texture,mythical_radiant:shader,mythical_magma:shader,mythical_glitch:shader,mythical_galaxy:shader,mythical_matrix:shader,mythical_firework:shader,mythical_holographic:shader
salazzle	mythical_nebula:texture,mythical_sakura:texture,mythical_radiant:shader,mythical_magma:shader,mythical_glitch:shader,mythical_galaxy:shader,mythical_matrix:shader,mythical_firework:shader,mythical_holographic:shader
stufful	mythical_metallic:texture,mythical_smp_v2:texture,mythical_radiant:shader,mythical_magma:shader,mythical_glitch:shader,mythical_galaxy:shader,mythical_matrix:shader,mythical_firework:shader,mythical_holographic:shader
bewear	mythical_metallic:texture,mythical_radiant:shader,mythical_magma:shader,mythical_glitch:shader,mythical_galaxy:shader,mythical_matrix:shader,mythical_firework:shader,mythical_holographic:shader
bounsweet	mythical_easter:texture,mythical_radiant:shader,mythical_magma:shader,mythical_glitch:shader,mythical_galaxy:shader,mythical_matrix:shader,mythical_firework:shader,mythical_holographic:shader
steenee	mythical_easter:texture,mythical_radiant:shader,mythical_magma:shader,mythical_glitch:shader,mythical_galaxy:shader,mythical_matrix:shader,mythical_firework:shader,mythical_holographic:shader
tsareena	mythical_easter:texture,mythical_radiant:shader,mythical_magma:shader,mythical_glitch:shader,mythical_galaxy:shader,mythical_matrix:shader,mythical_firework:shader,mythical_holographic:shader
comfey	mythical_radiant:shader,mythical_magma:shader,mythical_glitch:shader,mythical_galaxy:shader,mythical_matrix:shader,mythical_firework:shader,mythical_holographic:shader
wimpod	mythical_gilded:texture,mythical_independence_day:texture,mythical_radiant:shader,mythical_magma:shader,mythical_glitch:shader,mythical_galaxy:shader,mythical_matrix:shader,mythical_firework:shader,mythical_holographic:shader
golisopod	mythical_gilded:texture,mythical_independence_day:texture,mythical_radiant:shader,mythical_magma:shader,mythical_glitch:shader,mythical_galaxy:shader,mythical_matrix:shader,mythical_firework:shader,mythical_holographic:shader
pyukumuku	mythical_shadow:texture,mythical_spectre:texture,mythical_radiant:shader,mythical_magma:shader,mythical_glitch:shader,mythical_galaxy:shader,mythical_matrix:shader,mythical_firework:shader,mythical_holographic:shader
komala	mythical_radiant:shader,mythical_magma:shader,mythical_glitch:shader,mythical_galaxy:shader,mythical_matrix:shader,mythical_firework:shader,mythical_holographic:shader
turtonator	mythical_radiant:shader,mythical_magma:shader,mythical_glitch:shader,mythical_galaxy:shader,mythical_matrix:shader,mythical_firework:shader,mythical_holographic:shader
mimikyu	mythical_easter:texture,mythical_shadow:texture,mythical_smp_v2:texture,mythical_twilight:texture,mythical_radiant:shader,mythical_magma:shader,mythical_glitch:shader,mythical_galaxy:shader,mythical_matrix:shader,mythical_firework:shader,mythical_holographic:shader
dhelmise	mythical_radiant:shader,mythical_magma:shader,mythical_glitch:shader,mythical_galaxy:shader,mythical_matrix:shader,mythical_firework:shader,mythical_holographic:shader
jangmoo	mythical_error:texture,mythical_marine:texture,mythical_metallic:texture,mythical_pixie:texture,mythical_radiant:shader,mythical_magma:shader,mythical_glitch:shader,mythical_galaxy:shader,mythical_matrix:shader,mythical_firework:shader,mythical_holographic:shader
hakamoo	mythical_error:texture,mythical_marine:texture,mythical_metallic:texture,mythical_pixie:texture,mythical_radiant:shader,mythical_magma:shader,mythical_glitch:shader,mythical_galaxy:shader,mythical_matrix:shader,mythical_firework:shader,mythical_holographic:shader
kommoo	mythical_error:texture,mythical_marine:texture,mythical_metallic:texture,mythical_pixie:texture,mythical_radiant:shader,mythical_magma:shader,mythical_glitch:shader,mythical_galaxy:shader,mythical_matrix:shader,mythical_firework:shader,mythical_holographic:shader
poipole	mythical_blazing:texture,mythical_shadow:texture,mythical_radiant:shader,mythical_magma:shader,mythical_glitch:shader,mythical_galaxy:shader,mythical_matrix:shader,mythical_firework:shader,mythical_holographic:shader
naganadel	mythical_blazing:texture,mythical_shadow:texture,mythical_radiant:shader,mythical_magma:shader,mythical_glitch:shader,mythical_galaxy:shader,mythical_matrix:shader,mythical_firework:shader,mythical_holographic:shader
grookey	mythical_gilded:texture,mythical_nebula:texture,mythical_sakura:texture,mythical_twilight:texture,mythical_radiant:shader,mythical_magma:shader,mythical_glitch:shader,mythical_galaxy:shader,mythical_matrix:shader,mythical_firework:shader,mythical_holographic:shader
thwackey	mythical_gilded:texture,mythical_nebula:texture,mythical_sakura:texture,mythical_twilight:texture,mythical_radiant:shader,mythical_magma:shader,mythical_glitch:shader,mythical_galaxy:shader,mythical_matrix:shader,mythical_firework:shader,mythical_holographic:shader
rillaboom	mythical_gilded:texture,mythical_nebula:texture,mythical_sakura:texture,mythical_twilight:texture,mythical_radiant:shader,mythical_magma:shader,mythical_glitch:shader,mythical_galaxy:shader,mythical_matrix:shader,mythical_firework:shader,mythical_holographic:shader
scorbunny	mythical_gilded:texture,mythical_radiant:shader,mythical_magma:shader,mythical_glitch:shader,mythical_galaxy:shader,mythical_matrix:shader,mythical_firework:shader,mythical_holographic:shader
raboot	mythical_gilded:texture,mythical_radiant:shader,mythical_magma:shader,mythical_glitch:shader,mythical_galaxy:shader,mythical_matrix:shader,mythical_firework:shader,mythical_holographic:shader
cinderace	mythical_gilded:texture,mythical_radiant:shader,mythical_magma:shader,mythical_glitch:shader,mythical_galaxy:shader,mythical_matrix:shader,mythical_firework:shader,mythical_holographic:shader
sobble	mythical_gilded:texture,mythical_radiant:shader,mythical_magma:shader,mythical_glitch:shader,mythical_galaxy:shader,mythical_matrix:shader,mythical_firework:shader,mythical_holographic:shader
drizzile	mythical_gilded:texture,mythical_radiant:shader,mythical_magma:shader,mythical_glitch:shader,mythical_galaxy:shader,mythical_matrix:shader,mythical_firework:shader,mythical_holographic:shader
inteleon	mythical_gilded:texture,mythical_radiant:shader,mythical_magma:shader,mythical_glitch:shader,mythical_galaxy:shader,mythical_matrix:shader,mythical_firework:shader,mythical_holographic:shader
rookidee	mythical_independence_day:texture,mythical_radiant:shader,mythical_magma:shader,mythical_glitch:shader,mythical_galaxy:shader,mythical_matrix:shader,mythical_firework:shader,mythical_holographic:shader
corvisquire	mythical_independence_day:texture,mythical_radiant:shader,mythical_magma:shader,mythical_glitch:shader,mythical_galaxy:shader,mythical_matrix:shader,mythical_firework:shader,mythical_holographic:shader
corviknight	mythical_independence_day:texture,mythical_radiant:shader,mythical_magma:shader,mythical_glitch:shader,mythical_galaxy:shader,mythical_matrix:shader,mythical_firework:shader,mythical_holographic:shader
nickit	mythical_radiant:shader,mythical_magma:shader,mythical_glitch:shader,mythical_galaxy:shader,mythical_matrix:shader,mythical_firework:shader,mythical_holographic:shader
thievul	mythical_radiant:shader,mythical_magma:shader,mythical_glitch:shader,mythical_galaxy:shader,mythical_matrix:shader,mythical_firework:shader,mythical_holographic:shader
gossifleur	mythical_sakura:texture,mythical_radiant:shader,mythical_magma:shader,mythical_glitch:shader,mythical_galaxy:shader,mythical_matrix:shader,mythical_firework:shader,mythical_holographic:shader
eldegoss	mythical_sakura:texture,mythical_radiant:shader,mythical_magma:shader,mythical_glitch:shader,mythical_galaxy:shader,mythical_matrix:shader,mythical_firework:shader,mythical_holographic:shader
wooloo	mythical_radiant:shader,mythical_magma:shader,mythical_glitch:shader,mythical_galaxy:shader,mythical_matrix:shader,mythical_firework:shader,mythical_holographic:shader
dubwool	mythical_pixie:texture,mythical_rainbow:texture,mythical_shadow:texture,mythical_twilight:texture,mythical_radiant:shader,mythical_magma:shader,mythical_glitch:shader,mythical_galaxy:shader,mythical_matrix:shader,mythical_firework:shader,mythical_holographic:shader
yamper	mythical_radioactive:texture,mythical_radiant:shader,mythical_magma:shader,mythical_glitch:shader,mythical_galaxy:shader,mythical_matrix:shader,mythical_firework:shader,mythical_holographic:shader
boltund	mythical_radioactive:texture,mythical_radiant:shader,mythical_magma:shader,mythical_glitch:shader,mythical_galaxy:shader,mythical_matrix:shader,mythical_firework:shader,mythical_holographic:shader
arrokuda	mythical_radiant:shader,mythical_magma:shader,mythical_glitch:shader,mythical_galaxy:shader,mythical_matrix:shader,mythical_firework:shader,mythical_holographic:shader
barraskewda	mythical_radiant:shader,mythical_magma:shader,mythical_glitch:shader,mythical_galaxy:shader,mythical_matrix:shader,mythical_firework:shader,mythical_holographic:shader
sizzlipede	mythical_marine:texture,mythical_smp:texture,mythical_radiant:shader,mythical_magma:shader,mythical_glitch:shader,mythical_galaxy:shader,mythical_matrix:shader,mythical_firework:shader,mythical_holographic:shader
centiskorch	mythical_marine:texture,mythical_ominous:texture,mythical_radiant:shader,mythical_magma:shader,mythical_glitch:shader,mythical_galaxy:shader,mythical_matrix:shader,mythical_firework:shader,mythical_holographic:shader
impidimp	mythical_marine:texture,mythical_pixie:texture,mythical_radiant:shader,mythical_magma:shader,mythical_glitch:shader,mythical_galaxy:shader,mythical_matrix:shader,mythical_firework:shader,mythical_holographic:shader
morgrem	mythical_marine:texture,mythical_pixie:texture,mythical_radiant:shader,mythical_magma:shader,mythical_glitch:shader,mythical_galaxy:shader,mythical_matrix:shader,mythical_firework:shader,mythical_holographic:shader
grimmsnarl	mythical_radiant:shader,mythical_magma:shader,mythical_glitch:shader,mythical_galaxy:shader,mythical_matrix:shader,mythical_firework:shader,mythical_holographic:shader
obstagoon	mythical_frosted:texture,mythical_plasma:texture,mythical_radioactive:texture,mythical_rainbow:texture,mythical_shadow:texture,mythical_smp_v3:texture,mythical_twilight:texture,mythical_radiant:shader,mythical_magma:shader,mythical_glitch:shader,mythical_galaxy:shader,mythical_matrix:shader,mythical_firework:shader,mythical_holographic:shader
perrserker	mythical_blazing:texture,mythical_gilded:texture,mythical_radiant:shader,mythical_magma:shader,mythical_glitch:shader,mythical_galaxy:shader,mythical_matrix:shader,mythical_firework:shader,mythical_holographic:shader
sirfetchd	mythical_gilded:texture,mythical_radiant:shader,mythical_magma:shader,mythical_glitch:shader,mythical_galaxy:shader,mythical_matrix:shader,mythical_firework:shader,mythical_holographic:shader
milcery	mythical_radiant:shader,mythical_magma:shader,mythical_glitch:shader,mythical_galaxy:shader,mythical_matrix:shader,mythical_firework:shader,mythical_holographic:shader
alcremie	mythical_radiant:shader,mythical_magma:shader,mythical_glitch:shader,mythical_galaxy:shader,mythical_matrix:shader,mythical_firework:shader,mythical_holographic:shader
falinks	mythical_independence_day:texture,mythical_radiant:shader,mythical_magma:shader,mythical_glitch:shader,mythical_galaxy:shader,mythical_matrix:shader,mythical_firework:shader,mythical_holographic:shader
stonjourner	mythical_twilight:texture,mythical_radiant:shader,mythical_magma:shader,mythical_glitch:shader,mythical_galaxy:shader,mythical_matrix:shader,mythical_firework:shader,mythical_holographic:shader
eiscue	mythical_radiant:shader,mythical_magma:shader,mythical_glitch:shader,mythical_galaxy:shader,mythical_matrix:shader,mythical_firework:shader,mythical_holographic:shader
cufant	mythical_blazing:texture,mythical_gilded:texture,mythical_rainbow:texture,mythical_radiant:shader,mythical_magma:shader,mythical_glitch:shader,mythical_galaxy:shader,mythical_matrix:shader,mythical_firework:shader,mythical_holographic:shader
copperajah	mythical_blazing:texture,mythical_gilded:texture,mythical_rainbow:texture,mythical_radiant:shader,mythical_magma:shader,mythical_glitch:shader,mythical_galaxy:shader,mythical_matrix:shader,mythical_firework:shader,mythical_holographic:shader
dracozolt	mythical_marine:texture,mythical_twilight:texture,mythical_radiant:shader,mythical_magma:shader,mythical_glitch:shader,mythical_galaxy:shader,mythical_matrix:shader,mythical_firework:shader,mythical_holographic:shader
arctozolt	mythical_marine:texture,mythical_twilight:texture,mythical_radiant:shader,mythical_magma:shader,mythical_glitch:shader,mythical_galaxy:shader,mythical_matrix:shader,mythical_firework:shader,mythical_holographic:shader
dracovish	mythical_marine:texture,mythical_spectre:texture,mythical_twilight:texture,mythical_radiant:shader,mythical_magma:shader,mythical_glitch:shader,mythical_galaxy:shader,mythical_matrix:shader,mythical_firework:shader,mythical_holographic:shader
arctovish	mythical_marine:texture,mythical_twilight:texture,mythical_radiant:shader,mythical_magma:shader,mythical_glitch:shader,mythical_galaxy:shader,mythical_matrix:shader,mythical_firework:shader,mythical_holographic:shader
dreepy	mythical_shadow:texture,mythical_radiant:shader,mythical_magma:shader,mythical_glitch:shader,mythical_galaxy:shader,mythical_matrix:shader,mythical_firework:shader,mythical_holographic:shader
drakloak	mythical_pixie:texture,mythical_shadow:texture,mythical_radiant:shader,mythical_magma:shader,mythical_glitch:shader,mythical_galaxy:shader,mythical_matrix:shader,mythical_firework:shader,mythical_holographic:shader
dragapult	mythical_shadow:texture,mythical_radiant:shader,mythical_magma:shader,mythical_glitch:shader,mythical_galaxy:shader,mythical_matrix:shader,mythical_firework:shader,mythical_holographic:shader
wyrdeer	mythical_radiant:shader,mythical_magma:shader,mythical_glitch:shader,mythical_galaxy:shader,mythical_matrix:shader,mythical_firework:shader,mythical_holographic:shader
kleavor	mythical_gilded:texture,mythical_sakura:texture,mythical_radiant:shader,mythical_magma:shader,mythical_glitch:shader,mythical_galaxy:shader,mythical_matrix:shader,mythical_firework:shader,mythical_holographic:shader
ursaluna	mythical_radiant:shader,mythical_magma:shader,mythical_glitch:shader,mythical_galaxy:shader,mythical_matrix:shader,mythical_firework:shader,mythical_holographic:shader
basculegion	mythical_radiant:shader,mythical_magma:shader,mythical_glitch:shader,mythical_galaxy:shader,mythical_matrix:shader,mythical_firework:shader,mythical_holographic:shader
sneasler	mythical_radiant:shader,mythical_magma:shader,mythical_glitch:shader,mythical_galaxy:shader,mythical_matrix:shader,mythical_firework:shader,mythical_holographic:shader
overqwil	mythical_radiant:shader,mythical_magma:shader,mythical_glitch:shader,mythical_galaxy:shader,mythical_matrix:shader,mythical_firework:shader,mythical_holographic:shader
sprigatito	mythical_frosted:texture,mythical_radiant:shader,mythical_magma:shader,mythical_glitch:shader,mythical_galaxy:shader,mythical_matrix:shader,mythical_firework:shader,mythical_holographic:shader
floragato	mythical_blazing:texture,mythical_frosted:texture,mythical_gilded:texture,mythical_pixie:texture,mythical_rainbow:texture,mythical_sakura:texture,mythical_twilight:texture,mythical_valentines:texture,mythical_radiant:shader,mythical_magma:shader,mythical_glitch:shader,mythical_galaxy:shader,mythical_matrix:shader,mythical_firework:shader,mythical_holographic:shader
meowscarada	mythical_blazing:texture,mythical_frosted:texture,mythical_gilded:texture,mythical_pixie:texture,mythical_rainbow:texture,mythical_sakura:texture,mythical_twilight:texture,mythical_valentines:texture,mythical_radiant:shader,mythical_magma:shader,mythical_glitch:shader,mythical_galaxy:shader,mythical_matrix:shader,mythical_firework:shader,mythical_holographic:shader
fuecoco	mythical_blazing:texture,mythical_frosted:texture,mythical_gilded:texture,mythical_pixie:texture,mythical_rainbow:texture,mythical_twilight:texture,mythical_radiant:shader,mythical_magma:shader,mythical_glitch:shader,mythical_galaxy:shader,mythical_matrix:shader,mythical_firework:shader,mythical_holographic:shader
crocalor	mythical_blazing:texture,mythical_radiant:shader,mythical_magma:shader,mythical_glitch:shader,mythical_galaxy:shader,mythical_matrix:shader,mythical_firework:shader,mythical_holographic:shader
skeledirge	mythical_radiant:shader,mythical_magma:shader,mythical_glitch:shader,mythical_galaxy:shader,mythical_matrix:shader,mythical_firework:shader,mythical_holographic:shader
quaxly	mythical_blazing:texture,mythical_gilded:texture,mythical_pixie:texture,mythical_rainbow:texture,mythical_twilight:texture,mythical_radiant:shader,mythical_magma:shader,mythical_glitch:shader,mythical_galaxy:shader,mythical_matrix:shader,mythical_firework:shader,mythical_holographic:shader
quaxwell	mythical_blazing:texture,mythical_gilded:texture,mythical_pixie:texture,mythical_rainbow:texture,mythical_twilight:texture,mythical_radiant:shader,mythical_magma:shader,mythical_glitch:shader,mythical_galaxy:shader,mythical_matrix:shader,mythical_firework:shader,mythical_holographic:shader
quaquaval	mythical_blazing:texture,mythical_gilded:texture,mythical_rainbow:texture,mythical_twilight:texture,mythical_radiant:shader,mythical_magma:shader,mythical_glitch:shader,mythical_galaxy:shader,mythical_matrix:shader,mythical_firework:shader,mythical_holographic:shader
lechonk	mythical_radiant:shader,mythical_magma:shader,mythical_glitch:shader,mythical_galaxy:shader,mythical_matrix:shader,mythical_firework:shader,mythical_holographic:shader
oinkologne	mythical_radiant:shader,mythical_magma:shader,mythical_glitch:shader,mythical_galaxy:shader,mythical_matrix:shader,mythical_firework:shader,mythical_holographic:shader
tandemaus	mythical_pixie:texture,mythical_smp_v2:texture,mythical_radiant:shader,mythical_magma:shader,mythical_glitch:shader,mythical_galaxy:shader,mythical_matrix:shader,mythical_firework:shader,mythical_holographic:shader
maushold	mythical_pixie:texture,mythical_smp_v2:texture,mythical_radiant:shader,mythical_magma:shader,mythical_glitch:shader,mythical_galaxy:shader,mythical_matrix:shader,mythical_firework:shader,mythical_holographic:shader
fidough	mythical_radiant:shader,mythical_magma:shader,mythical_glitch:shader,mythical_galaxy:shader,mythical_matrix:shader,mythical_firework:shader,mythical_holographic:shader
dachsbun	mythical_radiant:shader,mythical_magma:shader,mythical_glitch:shader,mythical_galaxy:shader,mythical_matrix:shader,mythical_firework:shader,mythical_holographic:shader
squawkabilly	mythical_radiant:shader,mythical_magma:shader,mythical_glitch:shader,mythical_galaxy:shader,mythical_matrix:shader,mythical_firework:shader,mythical_holographic:shader
nacli	mythical_radioactive:texture,mythical_radiant:shader,mythical_magma:shader,mythical_glitch:shader,mythical_galaxy:shader,mythical_matrix:shader,mythical_firework:shader,mythical_holographic:shader
naclstack	mythical_radioactive:texture,mythical_radiant:shader,mythical_magma:shader,mythical_glitch:shader,mythical_galaxy:shader,mythical_matrix:shader,mythical_firework:shader,mythical_holographic:shader
garganacl	mythical_radioactive:texture,mythical_radiant:shader,mythical_magma:shader,mythical_glitch:shader,mythical_galaxy:shader,mythical_matrix:shader,mythical_firework:shader,mythical_holographic:shader
charcadet	mythical_gilded:texture,mythical_plasma:texture,mythical_radiant:shader,mythical_magma:shader,mythical_glitch:shader,mythical_galaxy:shader,mythical_matrix:shader,mythical_firework:shader,mythical_holographic:shader
armarouge	mythical_frosted:texture,mythical_gilded:texture,mythical_plasma:texture,mythical_radiant:shader,mythical_magma:shader,mythical_glitch:shader,mythical_galaxy:shader,mythical_matrix:shader,mythical_firework:shader,mythical_holographic:shader
ceruledge	mythical_radiant:shader,mythical_magma:shader,mythical_glitch:shader,mythical_galaxy:shader,mythical_matrix:shader,mythical_firework:shader,mythical_holographic:shader
maschiff	mythical_jungle:texture,mythical_shadow:texture,mythical_radiant:shader,mythical_magma:shader,mythical_glitch:shader,mythical_galaxy:shader,mythical_matrix:shader,mythical_firework:shader,mythical_holographic:shader
mabosstiff	mythical_jungle:texture,mythical_shadow:texture,mythical_radiant:shader,mythical_magma:shader,mythical_glitch:shader,mythical_galaxy:shader,mythical_matrix:shader,mythical_firework:shader,mythical_holographic:shader
shroodle	mythical_shadow:texture,mythical_radiant:shader,mythical_magma:shader,mythical_glitch:shader,mythical_galaxy:shader,mythical_matrix:shader,mythical_firework:shader,mythical_holographic:shader
grafaiai	mythical_shadow:texture,mythical_radiant:shader,mythical_magma:shader,mythical_glitch:shader,mythical_galaxy:shader,mythical_matrix:shader,mythical_firework:shader,mythical_holographic:shader
flittle	mythical_radiant:shader,mythical_magma:shader,mythical_glitch:shader,mythical_galaxy:shader,mythical_matrix:shader,mythical_firework:shader,mythical_holographic:shader
espathra	mythical_smp_v2:texture,mythical_radiant:shader,mythical_magma:shader,mythical_glitch:shader,mythical_galaxy:shader,mythical_matrix:shader,mythical_firework:shader,mythical_holographic:shader
tinkatink	mythical_blazing:texture,mythical_radiant:shader,mythical_magma:shader,mythical_glitch:shader,mythical_galaxy:shader,mythical_matrix:shader,mythical_firework:shader,mythical_holographic:shader
tinkatuff	mythical_blazing:texture,mythical_radiant:shader,mythical_magma:shader,mythical_glitch:shader,mythical_galaxy:shader,mythical_matrix:shader,mythical_firework:shader,mythical_holographic:shader
tinkaton	mythical_blazing:texture,mythical_radiant:shader,mythical_magma:shader,mythical_glitch:shader,mythical_galaxy:shader,mythical_matrix:shader,mythical_firework:shader,mythical_holographic:shader
varoom	mythical_radiant:shader,mythical_magma:shader,mythical_glitch:shader,mythical_galaxy:shader,mythical_matrix:shader,mythical_firework:shader,mythical_holographic:shader
revavroom	mythical_radiant:shader,mythical_magma:shader,mythical_glitch:shader,mythical_galaxy:shader,mythical_matrix:shader,mythical_firework:shader,mythical_holographic:shader
glimmet	mythical_shadow:texture,mythical_radiant:shader,mythical_magma:shader,mythical_glitch:shader,mythical_galaxy:shader,mythical_matrix:shader,mythical_firework:shader,mythical_holographic:shader
glimmora	mythical_shadow:texture,mythical_radiant:shader,mythical_magma:shader,mythical_glitch:shader,mythical_galaxy:shader,mythical_matrix:shader,mythical_firework:shader,mythical_holographic:shader
cetoddle	mythical_shadow:texture,mythical_radiant:shader,mythical_magma:shader,mythical_glitch:shader,mythical_galaxy:shader,mythical_matrix:shader,mythical_firework:shader,mythical_holographic:shader
cetitan	mythical_shadow:texture,mythical_radiant:shader,mythical_magma:shader,mythical_glitch:shader,mythical_galaxy:shader,mythical_matrix:shader,mythical_firework:shader,mythical_holographic:shader
tatsugiri	mythical_radiant:shader,mythical_magma:shader,mythical_glitch:shader,mythical_galaxy:shader,mythical_matrix:shader,mythical_firework:shader,mythical_holographic:shader
annihilape	mythical_blazing:texture,mythical_gilded:texture,mythical_ominous:texture,mythical_rainbow:texture,mythical_radiant:shader,mythical_magma:shader,mythical_glitch:shader,mythical_galaxy:shader,mythical_matrix:shader,mythical_firework:shader,mythical_holographic:shader
clodsire	mythical_shadow:texture,mythical_radiant:shader,mythical_magma:shader,mythical_glitch:shader,mythical_galaxy:shader,mythical_matrix:shader,mythical_firework:shader,mythical_holographic:shader
gimmighoul	mythical_radiant:shader,mythical_magma:shader,mythical_glitch:shader,mythical_galaxy:shader,mythical_matrix:shader,mythical_firework:shader,mythical_holographic:shader
gholdengo	mythical_radiant:shader,mythical_magma:shader,mythical_glitch:shader,mythical_galaxy:shader,mythical_matrix:shader,mythical_firework:shader,mythical_holographic:shader
walkingwake	mythical_blazing:texture,mythical_frosted:texture,mythical_gilded:texture,mythical_ominous:texture,mythical_pixie:texture,mythical_radioactive:texture,mythical_rainbow:texture,mythical_sakura:texture,mythical_shadow:texture,mythical_twilight:texture,mythical_radiant:shader,mythical_magma:shader,mythical_glitch:shader,mythical_galaxy:shader,mythical_matrix:shader,mythical_firework:shader,mythical_holographic:shader
ironleaves	mythical_blazing:texture,mythical_metallic:texture,mythical_rainbow:texture,mythical_radiant:shader,mythical_magma:shader,mythical_glitch:shader,mythical_galaxy:shader,mythical_matrix:shader,mythical_firework:shader,mythical_holographic:shader
